{"presentation":{"slides":[{"elements":[{"x":9.041394335511983,"y":32.49149518975248,"width":29.216993464052287,"height":32.27631972491968,"action":{"library":"H5P.Image 1.1","params":{"decorative":false,"contentName":"Image","expandImage":"Expand Image","minimizeImage":"Minimize Image","file":{"path":"images/image-ssuAYEsJ.png","mime":"image/png","copyright":{"license":"U"},"width":388,"height":217},"alt":"snail1"},"subContentId":"72d9669c-e48e-4aec-befd-5a302506fa30","metadata":{"contentType":"Image","license":"U","title":"Untitled Image","authors":[],"changes":[]}},"alwaysDisplayComments":false,"backgroundOpacity":0,"displayAsButton":false,"buttonSize":"big","goToSlideType":"specified","invisible":false,"solution":""},{"x":52.832244008714596,"y":38.73158366990362,"width":34.85838779956427,"height":21.517546483279787,"action":{"library":"H5P.AdvancedText 1.1","params":{"text":"<p style=\"text-align:left\"><span style=\"font-size:1.75em\"><span><span><span><span>SECTION 02</span></span></span></span></span></p>\n\n<p style=\"text-align:left\"><span style=\"font-size:1.625em\"><span><span><span><span>Explore the Data</span></span></span></span></span></p>\n"},"subContentId":"5808aee4-2e8c-441c-9cb8-65d20bf5d146","metadata":{"contentType":"Text","license":"U","title":"Untitled Text","authors":[],"changes":[]}},"alwaysDisplayComments":false,"backgroundOpacity":0,"displayAsButton":false,"buttonSize":"big","goToSlideType":"specified","invisible":false,"solution":""},{"x":50.108932461873636,"y":31.35106522613865,"width":0.4684095860566449,"height":68.64635266828334,"action":{"library":"H5P.Shape 1.0","params":{"line":{"borderWidth":"3","borderStyle":"solid","borderColor":"rgb(255, 232, 136)"},"type":"vertical-line","shape":{"fillColor":"#ffffff","borderColor":"#000000","borderWidth":"0","borderStyle":"solid","borderRadius":"0"}},"subContentId":"f943e1d7-afa5-4128-a8e1-1d6312c21855","metadata":{"contentType":"Shapes"}},"backgroundOpacity":0,"displayAsButton":false,"buttonSize":"big","goToSlideType":"specified","invisible":false},{"x":52.72331154684096,"y":31.200442400755694,"width":40.19607843137255,"height":8.607018593311915,"action":{"library":"H5P.AdvancedText 1.1","params":{"text":"<p style=\"text-align:left\"><span style=\"font-size:1em\"><span><span><span style=\"color:#ffc000\"><span>Supervised Learning - Geoscience</span></span></span></span></span></p>\n"},"metadata":{"contentType":"Text","license":"U","title":"Untitled Text","authors":[],"changes":[]},"subContentId":"286998c1-2ba0-4bc2-a75a-05c1dc3635d0"},"alwaysDisplayComments":false,"backgroundOpacity":0,"displayAsButton":false,"buttonSize":"big","goToSlideType":"specified","invisible":false,"solution":""},{"x":52.72331154684096,"y":64.33746398500656,"width":44.79302832244009,"height":22.781702339172476,"action":{"library":"H5P.AdvancedText 1.1","params":{"text":"<p>Now that we have an interesting question to investigate, we will now search for the data to learn from. In this chapter, you will learn how to import data from an external source to Orange and to explore them to design your next steps.</p>\n"},"subContentId":"9e35d8a7-0bc7-45e6-a201-3b59b8472c4d","metadata":{"contentType":"Text","license":"U","title":"Untitled Text","authors":[],"changes":[]}},"alwaysDisplayComments":false,"backgroundOpacity":0,"displayAsButton":false,"buttonSize":"big","goToSlideType":"specified","invisible":false,"solution":""}],"keywords":[{"main":"02 Get the Data and Explore"}],"slideBackgroundSelector":{}},{"elements":[{"x":2.178649237472767,"y":40.02263645890041,"width":42.17864923747277,"height":25.36380791716605,"action":{"library":"H5P.AdvancedText 1.1","params":{"text":"<p style=\"text-align:left\"><span style=\"font-size:1.25em\"><span><span><span><span>Instructions 01:</span></span></span></span></span></p>\n\n<p style=\"text-align:left\"><span style=\"font-size:1.25em\"><span><span><span>Select “File” widget from “Data” tab and add it to the canvas.</span></span></span></span></p>\n\n<p> </p>\n"},"subContentId":"2b54bb48-7d22-4795-9aab-b4e7c29eb5c1","metadata":{"contentType":"Text","license":"U","title":"Untitled Text","authors":[],"changes":[]}},"alwaysDisplayComments":false,"backgroundOpacity":0,"displayAsButton":false,"buttonSize":"big","goToSlideType":"specified","invisible":false,"solution":""},{"x":1.9607843137254903,"y":7.961492198813522,"width":43.485838779956424,"height":39.99573952579631,"action":{"library":"H5P.AdvancedText 1.1","params":{"text":"<p><span style=\"font-size:1.5em\"><strong>Activity 2-1: Importing the Data</strong></span></p>\n\n<p>In this acitivity, we will download our students' activity data from the Open University database.</p>\n"},"subContentId":"2d4bb9c7-56ed-4aa7-82da-be3293bb2b99","metadata":{"contentType":"Text","license":"U","title":"Untitled Text","authors":[],"changes":[]}},"alwaysDisplayComments":false,"backgroundOpacity":0,"displayAsButton":false,"buttonSize":"big","goToSlideType":"specified","invisible":false,"solution":""},{"x":38.865795206971676,"y":23.669301131607767,"width":61.12200435729848,"height":76.36039308253915,"action":{"library":"H5P.Image 1.1","params":{"decorative":false,"contentName":"Image","expandImage":"Expand Image","minimizeImage":"Minimize Image","file":{"path":"images/image-mFmGI0V2.png","mime":"image/png","copyright":{"license":"U"},"width":1434,"height":907}},"subContentId":"b91c8b28-6265-485c-b07a-a0986374bad3","metadata":{"contentType":"Image","license":"U","title":"Untitled Image","authors":[],"changes":[]}},"alwaysDisplayComments":false,"backgroundOpacity":0,"displayAsButton":false,"buttonSize":"big","goToSlideType":"specified","invisible":false,"solution":""}],"keywords":[{"main":"Activity 2-1"}],"slideBackgroundSelector":{}},{"elements":[{"x":2.178649237472767,"y":21.517546483279787,"width":42.17864923747277,"height":65.84369223883616,"action":{"library":"H5P.AdvancedText 1.1","params":{"text":"<p style=\"text-align:left\"><span style=\"font-size:1.125em\">Instructions 02:</span></p>\n\n<p style=\"text-align:left\"><span style=\"font-size:1em\">Double click on the ‘File’ widget to open its settings. </span></p>\n\n<p style=\"text-align:left\"><span style=\"font-size:1em\">Copy the following URL to the Source and Orange will import the file from the website: </span></p>\n\n<p style=\"text-align:left\"><span style=\"color:#2980b9\"><span style=\"font-size:1em\">https://raw.githubusercontent.com/ENKISProjekt/H5P-Hosting/main/datasets/education/preprocessed_students.csv</span></span></p>\n\n<p style=\"text-align:left\"><span style=\"font-size:1em\">The data has been preprocessed, so that only the data for a single course are there with only the features that we need.</span></p>\n\n<p> </p>\n"},"subContentId":"81a82b9d-28ca-4b18-ad40-d11d17f5213f","metadata":{"contentType":"Text","license":"U","title":"Untitled Text","authors":[],"changes":[]}},"alwaysDisplayComments":false,"backgroundOpacity":0,"displayAsButton":false,"buttonSize":"big","goToSlideType":"specified","invisible":false,"solution":""},{"x":35.44389978213508,"y":19.33609762080489,"width":64.52200435729848,"height":80.66390237919511,"action":{"library":"H5P.Image 1.1","params":{"decorative":false,"contentName":"Image","expandImage":"Expand Image","minimizeImage":"Minimize Image","file":{"path":"images/image-TfXIb6C0.png","mime":"image/png","copyright":{"license":"U"},"width":1433,"height":907}},"subContentId":"faa0e9b7-cf7f-4093-b60e-c4de97bf423c","metadata":{"contentType":"Image","license":"U","title":"Untitled Image","authors":[],"changes":[]}},"alwaysDisplayComments":false,"backgroundOpacity":0,"displayAsButton":false,"buttonSize":"big","goToSlideType":"specified","invisible":false,"solution":""}],"keywords":[],"slideBackgroundSelector":{}},{"elements":[{"x":2.178649237472767,"y":25.821055779935747,"width":43.485838779956424,"height":36.57982902157564,"action":{"library":"H5P.AdvancedText 1.1","params":{"text":"<p style=\"text-align:left\"><span style=\"font-size:1.25em\"><span><span><span><span>Instructions 03:</span></span></span></span></span></p>\n\n<p style=\"text-align:left\">At the left-bottom of the File widget pop-up window, click on the icon that says '620'.</p>\n\n<p style=\"text-align:left\">This number indicates the number of rows in the data, and clicking on it will open a new window that lets you explore the data.</p>\n\n<p> </p>\n"},"subContentId":"a09455e8-34cf-403e-b179-3b3868a9181f","metadata":{"contentType":"Text","license":"U","title":"Untitled Text","authors":[],"changes":[]}},"alwaysDisplayComments":false,"backgroundOpacity":0,"displayAsButton":false,"buttonSize":"big","goToSlideType":"specified","invisible":false,"solution":""},{"x":37.165032679738566,"y":21.48785226913287,"width":62.800980392156866,"height":78.51214773086713,"action":{"library":"H5P.Image 1.1","params":{"decorative":false,"contentName":"Image","expandImage":"Expand Image","minimizeImage":"Minimize Image","file":{"path":"images/image-Ss6bNXlm.png","mime":"image/png","copyright":{"license":"U"},"width":1433,"height":907}},"subContentId":"8812371a-f42a-47b2-b6ef-ae64c911aa8f","metadata":{"contentType":"Image","license":"U","title":"Untitled Image","authors":[],"changes":[]}},"alwaysDisplayComments":false,"backgroundOpacity":0,"displayAsButton":false,"buttonSize":"big","goToSlideType":"specified","invisible":false,"solution":""}],"keywords":[{"main":"Activity 4-1"}],"slideBackgroundSelector":{}},{"elements":[{"x":6.5359477124183005,"y":4.303509296655958,"width":16.33986928104575,"height":32.27631972491968,"action":{"library":"H5P.Image 1.1","params":{"decorative":false,"contentName":"Image","expandImage":"Expand Image","minimizeImage":"Minimize Image","file":{"path":"images/image-ZUloTYRv.png","mime":"image/png","copyright":{"license":"U"},"width":497,"height":497}},"subContentId":"f71190da-89c3-4641-b630-4c41c3f0cf1d","metadata":{"contentType":"Image","license":"U","title":"Untitled Image","authors":[],"changes":[]}},"alwaysDisplayComments":false,"backgroundOpacity":0,"displayAsButton":false,"buttonSize":"big","goToSlideType":"specified","invisible":false,"solution":""},{"x":14.161220043572985,"y":17.21403718662383,"width":50.10893246187364,"height":10.758773241639894,"action":{"library":"H5P.AdvancedText 1.1","params":{"text":"<p><span style=\"font-size:1.5em\">Questions 2-1. Explore the Data</span></p>\n"},"subContentId":"e57820bb-8851-45ad-92e6-ac933279bed5","metadata":{"contentType":"Text","license":"U","title":"Untitled Text","authors":[],"changes":[]}},"alwaysDisplayComments":false,"backgroundOpacity":0,"displayAsButton":false,"buttonSize":"big","goToSlideType":"specified","invisible":false,"solution":""},{"x":14.161220043572985,"y":36.57982902157564,"width":71.89542483660131,"height":47.338602263215535,"action":{"library":"H5P.SingleChoiceSet 1.11","params":{"choices":[{"subContentId":"2ed1e368-cc13-45ee-a0df-a1004862fde6","question":"<p>What values can the feature \"pass_fail\" have?</p>\n","answers":["<p>0 or 1</p>\n","<p>True or False</p>\n","<p>\"Pass\" or \"Fail\"</p>\n","<p>\"P\" or \"F\"</p>\n"]},{"subContentId":"c63e564e-1204-4ef2-bf47-d733f1a2ce4f","question":"<p>What feature has only one value? (Hint: This value has been made to be all same value, because this directly determined pass_fail)</p>\n","answers":["<p>exam_score</p>\n","<p>pass_fail</p>\n","<p>weighted_score</p>\n","<p>num_of_prev_attempts</p>\n"]},{"subContentId":"faca9503-65be-4459-8266-3d858421262e","question":"<p>Which of the following feature was not in the data?</p>\n","answers":["<p>midterm_exam</p>\n","<p>average_date</p>\n","<p>student_id</p>\n","<p>average_click</p>\n"]}],"overallFeedback":[{"from":0,"to":100}],"behaviour":{"autoContinue":true,"timeoutCorrect":2000,"timeoutWrong":3000,"soundEffectsEnabled":true,"enableRetry":true,"enableSolutionsButton":true,"passPercentage":100},"l10n":{"nextButtonLabel":"Next question","showSolutionButtonLabel":"Show solution","retryButtonLabel":"Retry","solutionViewTitle":"Solution list","correctText":"Correct!","incorrectText":"Incorrect!","shouldSelect":"Should have been selected","shouldNotSelect":"Should not have been selected","muteButtonLabel":"Mute feedback sound","closeButtonLabel":"Close","slideOfTotal":"Slide :num of :total","scoreBarLabel":"You got :num out of :total points","solutionListQuestionNumber":"Question :num","a11yShowSolution":"Show the solution. The task will be marked with its correct solution.","a11yRetry":"Retry the task. Reset all responses and start the task over again."}},"subContentId":"070ef151-17f1-42c3-92c1-6f50d63638c8","metadata":{"contentType":"Single Choice Set","license":"U","title":"Untitled Single Choice Set","authors":[],"changes":[],"extraTitle":"Untitled Single Choice Set"}},"alwaysDisplayComments":false,"backgroundOpacity":0,"displayAsButton":false,"buttonSize":"big","goToSlideType":"specified","invisible":false,"solution":""},{"x":14.159912854030502,"y":25.821055779935747,"width":75.16339869281046,"height":15.062282538295852,"action":{"library":"H5P.AdvancedText 1.1","params":{"text":"<p>The following questions can be answered if you have opened and explored the data. </p>\n"},"subContentId":"206f4c02-4828-4e78-977f-5bf6a56894a9","metadata":{"contentType":"Text","license":"U","title":"Untitled Text","authors":[],"changes":[]}},"alwaysDisplayComments":false,"backgroundOpacity":0,"displayAsButton":false,"buttonSize":"big","goToSlideType":"specified","invisible":false,"solution":""}],"keywords":[],"slideBackgroundSelector":{}},{"elements":[{"x":2.178649237472767,"y":40.02263645890041,"width":42.17864923747277,"height":25.821055779935747,"action":{"library":"H5P.AdvancedText 1.1","params":{"text":"<p style=\"text-align:left\"><span style=\"font-size:1.25em\"><span><span><span><span>Instructions 01:</span></span></span></span></span></p>\n\n<p style=\"text-align:left\"><span style=\"font-size:1em\">Select “Feature Statistics\" widget from the \"Data\" tab and add it to the workflow. Link it to the \"File\" widget.</span></p>\n\n<p> </p>\n"},"subContentId":"70f8e9dd-6b08-4052-932e-03498af1d62f","metadata":{"contentType":"Text","license":"U","title":"Untitled Text","authors":[],"changes":[]}},"alwaysDisplayComments":false,"backgroundOpacity":0,"displayAsButton":false,"buttonSize":"big","goToSlideType":"specified","invisible":false,"solution":""},{"x":1.9607843137254903,"y":7.961492198813522,"width":43.485838779956424,"height":39.99573952579631,"action":{"library":"H5P.AdvancedText 1.1","params":{"text":"<p><span style=\"font-size:1.5em\"><strong>Activity 2-2: Analyse Basic Statistics</strong></span></p>\n\n<p>In this acitivity, we will calculate basic statistics for our data.</p>\n"},"subContentId":"9795fe73-feab-4a34-9549-461f105a0088","metadata":{"contentType":"Text","license":"U","title":"Untitled Text","authors":[],"changes":[]}},"alwaysDisplayComments":false,"backgroundOpacity":0,"displayAsButton":false,"buttonSize":"big","goToSlideType":"specified","invisible":false,"solution":""},{"x":40.588235294117645,"y":25.791361565788826,"width":59.39945533769064,"height":74.20863843421117,"action":{"library":"H5P.Image 1.1","params":{"decorative":false,"contentName":"Image","expandImage":"Expand Image","minimizeImage":"Minimize Image","file":{"path":"images/image-g7c8tnCs.png","mime":"image/png","copyright":{"license":"U"},"width":1434,"height":907}},"subContentId":"4142135a-cb02-4f21-81d1-e14d2eb63489","metadata":{"contentType":"Image","license":"U","title":"Untitled Image","authors":[],"changes":[]}},"alwaysDisplayComments":false,"backgroundOpacity":0,"displayAsButton":false,"buttonSize":"big","goToSlideType":"specified","invisible":false,"solution":""}],"keywords":[],"slideBackgroundSelector":{}},{"elements":[{"x":2.178649237472767,"y":25.821055779935747,"width":43.485838779956424,"height":36.57982902157564,"action":{"library":"H5P.AdvancedText 1.1","params":{"text":"<p style=\"text-align:left\"><span style=\"font-size:1.25em\"><span><span><span><span>Instructions 02:</span></span></span></span></span></p>\n\n<p style=\"text-align:left\">Double clicking on the \"Feature Statistics\" widget will open a new window, where you can view basic statistics about the data.</p>\n\n<p> </p>\n"},"subContentId":"de0c7df1-ae82-4848-8150-52f4969c2737","metadata":{"contentType":"Text","license":"U","title":"Untitled Text","authors":[],"changes":[]}},"alwaysDisplayComments":false,"backgroundOpacity":0,"displayAsButton":false,"buttonSize":"big","goToSlideType":"specified","invisible":false,"solution":""},{"x":38.865795206971676,"y":23.639606917460846,"width":61.12200435729848,"height":76.36039308253915,"action":{"library":"H5P.Image 1.1","params":{"decorative":false,"contentName":"Image","expandImage":"Expand Image","minimizeImage":"Minimize Image","file":{"path":"images/image-YSvYDjLv.png","mime":"image/png","copyright":{"license":"U"},"width":1434,"height":907}},"subContentId":"8f6b059a-35b9-48b9-bc74-02ef3d33dffc","metadata":{"contentType":"Image","license":"U","title":"Untitled Image","authors":[],"changes":[]}},"alwaysDisplayComments":false,"backgroundOpacity":0,"displayAsButton":false,"buttonSize":"big","goToSlideType":"specified","invisible":false,"solution":""}],"keywords":[],"slideBackgroundSelector":{}},{"elements":[{"x":6.5359477124183005,"y":4.303509296655958,"width":16.33986928104575,"height":32.27631972491968,"action":{"library":"H5P.Image 1.1","params":{"decorative":false,"contentName":"Image","expandImage":"Expand Image","minimizeImage":"Minimize Image","file":{"path":"images/image-ZUloTYRv.png","mime":"image/png","copyright":{"license":"U"},"width":497,"height":497}},"subContentId":"b282e62b-7465-4abb-8725-c9943800c6ff","metadata":{"contentType":"Image","license":"U","title":"Untitled Image","authors":[],"changes":[]}},"alwaysDisplayComments":false,"backgroundOpacity":0,"displayAsButton":false,"buttonSize":"big","goToSlideType":"specified","invisible":false,"solution":""},{"x":14.161220043572985,"y":17.21403718662383,"width":50.10893246187364,"height":10.758773241639894,"action":{"library":"H5P.AdvancedText 1.1","params":{"text":"<p><span style=\"font-size:1.5em\">Questions 2-2. Analyse Basic Statistics</span></p>\n"},"subContentId":"a3d5c950-4657-44bc-ade7-6b0ec6b74928","metadata":{"contentType":"Text","license":"U","title":"Untitled Text","authors":[],"changes":[]}},"alwaysDisplayComments":false,"backgroundOpacity":0,"displayAsButton":false,"buttonSize":"big","goToSlideType":"specified","invisible":false,"solution":""},{"x":14.161220043572985,"y":36.57982902157564,"width":71.89542483660131,"height":47.338602263215535,"action":{"library":"H5P.SingleChoiceSet 1.11","params":{"choices":[{"subContentId":"2ed1e368-cc13-45ee-a0df-a1004862fde6","question":"<p>What is the mean of \"average_date\"?</p>\n","answers":["<p>100.12</p>\n","<p>3.29</p>\n","<p>66.99</p>\n","<p>958643</p>\n"]},{"subContentId":"c63e564e-1204-4ef2-bf47-d733f1a2ce4f","question":"<p>Did more students pass or fail? (Hint: 'mode' shows the most common value for a feature. 1 is pass and 0 is fail)</p>\n","answers":["<p>Pass</p>\n","<p>Fail</p>\n","<p>Equal</p>\n","<p>Can't be known from Feature Statistics</p>\n"]},{"subContentId":"faca9503-65be-4459-8266-3d858421262e","question":"<p>What is the range of 'average_click'? (Hint: range of a feature is the range of numbers that cover all observed values of a feature)</p>\n","answers":["<p>[1.24, 8.76]</p>\n","<p>3.29</p>\n","<p>[1.08, 154.5]</p>\n","<p>[0,1]</p>\n"]}],"overallFeedback":[{"from":0,"to":100}],"behaviour":{"autoContinue":true,"timeoutCorrect":2000,"timeoutWrong":3000,"soundEffectsEnabled":true,"enableRetry":true,"enableSolutionsButton":true,"passPercentage":100},"l10n":{"nextButtonLabel":"Next question","showSolutionButtonLabel":"Show solution","retryButtonLabel":"Retry","solutionViewTitle":"Solution list","correctText":"Correct!","incorrectText":"Incorrect!","shouldSelect":"Should have been selected","shouldNotSelect":"Should not have been selected","muteButtonLabel":"Mute feedback sound","closeButtonLabel":"Close","slideOfTotal":"Slide :num of :total","scoreBarLabel":"You got :num out of :total points","solutionListQuestionNumber":"Question :num","a11yShowSolution":"Show the solution. The task will be marked with its correct solution.","a11yRetry":"Retry the task. Reset all responses and start the task over again."}},"subContentId":"4279e449-2730-4793-86cc-4513c0dd740f","metadata":{"contentType":"Single Choice Set","license":"U","title":"Untitled Single Choice Set","authors":[],"changes":[],"extraTitle":"Untitled Single Choice Set"}},"alwaysDisplayComments":false,"backgroundOpacity":0,"displayAsButton":false,"buttonSize":"big","goToSlideType":"specified","invisible":false,"solution":""},{"x":14.159912854030502,"y":25.821055779935747,"width":75.16339869281046,"height":15.062282538295852,"action":{"library":"H5P.AdvancedText 1.1","params":{"text":"<p>The following questions can be answered by analysing the features statistics.</p>\n"},"subContentId":"0d016644-2ae6-4c30-a19b-604140ce4983","metadata":{"contentType":"Text","license":"U","title":"Untitled Text","authors":[],"changes":[]}},"alwaysDisplayComments":false,"backgroundOpacity":0,"displayAsButton":false,"buttonSize":"big","goToSlideType":"specified","invisible":false,"solution":""}],"keywords":[],"slideBackgroundSelector":{}}],"keywordListEnabled":true,"globalBackgroundSelector":{"fillGlobalBackground":"#fffdf8"},"keywordListAlwaysShow":false,"keywordListAutoHide":false,"keywordListOpacity":90},"override":{"activeSurface":false,"hideSummarySlide":false,"summarySlideSolutionButton":true,"summarySlideRetryButton":true,"enablePrintButton":false,"social":{"showFacebookShare":false,"facebookShare":{"url":"@currentpageurl","quote":"I scored @score out of @maxScore on a task at @currentpageurl."},"showTwitterShare":false,"twitterShare":{"statement":"I scored @score out of @maxScore on a task at @currentpageurl.","url":"@currentpageurl","hashtags":"h5p, course"},"showGoogleShare":false,"googleShareUrl":"@currentpageurl"}},"l10n":{"slide":"Slide","score":"Score","yourScore":"Your Score","maxScore":"Max Score","total":"Total","totalScore":"Total Score","showSolutions":"Show solutions","retry":"Retry","exportAnswers":"Export text","hideKeywords":"Hide sidebar navigation menu","showKeywords":"Show sidebar navigation menu","fullscreen":"Fullscreen","exitFullscreen":"Exit fullscreen","prevSlide":"Previous slide","nextSlide":"Next slide","currentSlide":"Current slide","lastSlide":"Last slide","solutionModeTitle":"Exit solution mode","solutionModeText":"Solution Mode","summaryMultipleTaskText":"Multiple tasks","scoreMessage":"You achieved:","shareFacebook":"Share on Facebook","shareTwitter":"Share on Twitter","shareGoogle":"Share on Google+","summary":"Summary","solutionsButtonTitle":"Show comments","printTitle":"Print","printIngress":"How would you like to print this presentation?","printAllSlides":"Print all slides","printCurrentSlide":"Print current slide","noTitle":"No title","accessibilitySlideNavigationExplanation":"Use left and right arrow to change slide in that direction whenever canvas is selected.","accessibilityCanvasLabel":"Presentation canvas. Use left and right arrow to move between slides.","accessibilityProgressBarLabel":"Choose slide to display","containsNotCompleted":"@slideName contains not completed interaction","containsCompleted":"@slideName contains completed interaction","slideCount":"Slide @index of @total","containsOnlyCorrect":"@slideName only has correct answers","containsIncorrectAnswers":"@slideName has incorrect answers","shareResult":"Share Result","accessibilityTotalScore":"You got @score of @maxScore points in total","accessibilityEnteredFullscreen":"Entered fullscreen","accessibilityExitedFullscreen":"Exited fullscreen","confirmDialogHeader":"Submit your answers","confirmDialogText":"This will submit your results, do you want to continue?","confirmDialogConfirmText":"Submit and see results","slideshowNavigationLabel":"Slideshow navigation"}}