{"presentation":{"slides":[{"elements":[{"x":9.041394335511983,"y":32.49149518975248,"width":29.216993464052287,"height":32.27631972491968,"action":{"library":"H5P.Image 1.1","params":{"decorative":false,"contentName":"Image","expandImage":"Expand Image","minimizeImage":"Minimize Image","file":{"path":"images/image-A2N7YnYJ.png","mime":"image/png","copyright":{"license":"U"},"width":388,"height":217},"alt":"snail1"},"subContentId":"72d9669c-e48e-4aec-befd-5a302506fa30","metadata":{"contentType":"Image","license":"U","title":"Untitled Image","authors":[],"changes":[]}},"alwaysDisplayComments":false,"backgroundOpacity":0,"displayAsButton":false,"buttonSize":"big","goToSlideType":"specified","invisible":false,"solution":""},{"x":52.832244008714596,"y":38.73158366990362,"width":34.85838779956427,"height":21.517546483279787,"action":{"library":"H5P.AdvancedText 1.1","params":{"text":"<p style=\"text-align:left\"><span style=\"font-size:1.75em\"><span><span><span><span>f. Communicate and Visualize Results</span></span></span></span></span></p>\n"},"subContentId":"5808aee4-2e8c-441c-9cb8-65d20bf5d146","metadata":{"contentType":"Text","license":"U","title":"Untitled Text","authors":[],"changes":[]}},"alwaysDisplayComments":false,"backgroundOpacity":0,"displayAsButton":false,"buttonSize":"big","goToSlideType":"specified","invisible":false,"solution":""},{"x":50.108932461873636,"y":31.35106522613865,"width":0.4684095860566449,"height":68.64635266828334,"action":{"library":"H5P.Shape 1.0","params":{"line":{"borderWidth":"3","borderStyle":"solid","borderColor":"rgb(255, 232, 136)"},"type":"vertical-line","shape":{"fillColor":"#ffffff","borderColor":"#000000","borderWidth":"0","borderStyle":"solid","borderRadius":"0"}},"subContentId":"f943e1d7-afa5-4128-a8e1-1d6312c21855","metadata":{"contentType":"Shapes"}},"backgroundOpacity":0,"displayAsButton":false,"buttonSize":"big","goToSlideType":"specified","invisible":false},{"x":52.72331154684096,"y":31.200442400755694,"width":40.19607843137255,"height":8.607018593311915,"action":{"library":"H5P.AdvancedText 1.1","params":{"text":"<p style=\"text-align:left\"><span style=\"font-size:1em\"><span><span><span style=\"color:#ffc000\"><span>Supervised Learning </span></span></span></span></span></p>\n"},"metadata":{"contentType":"Text","license":"U","title":"Untitled Text","authors":[],"changes":[]},"subContentId":"286998c1-2ba0-4bc2-a75a-05c1dc3635d0"},"alwaysDisplayComments":false,"backgroundOpacity":0,"displayAsButton":false,"buttonSize":"big","goToSlideType":"specified","invisible":false,"solution":""},{"x":53.37690631808279,"y":62.40088480151139,"width":44.79302832244009,"height":21.517546483279787,"action":{"library":"H5P.AdvancedText 1.1","params":{"text":"<p>Now that we have made our predictions, we will introduce some frequently used evaluation metrics which you can use to communicate how good the prediction results are.</p>\n"},"subContentId":"9e35d8a7-0bc7-45e6-a201-3b59b8472c4d","metadata":{"contentType":"Text","license":"U","title":"Untitled Text","authors":[],"changes":[]}},"alwaysDisplayComments":false,"backgroundOpacity":0,"displayAsButton":false,"buttonSize":"big","goToSlideType":"specified","invisible":false,"solution":""}],"keywords":[{"main":"Communicate and Visualize Results"}],"slideBackgroundSelector":{}},{"elements":[{"x":72.54901960784314,"y":32.27631972491968,"width":27.450980392156865,"height":49.490356911543515,"action":{"library":"H5P.Image 1.1","params":{"decorative":false,"contentName":"Image","expandImage":"Expand Image","minimizeImage":"Minimize Image","file":{"path":"images/image-RYZLVWh9.png","mime":"image/png","copyright":{"license":"U"},"width":627,"height":577},"alt":"read"},"metadata":{"contentType":"Image","license":"U","title":"Untitled Image","authors":[],"changes":[]},"subContentId":"3b039dcb-7edd-4fd2-8125-7d76ef071fea"},"alwaysDisplayComments":false,"backgroundOpacity":0,"displayAsButton":false,"buttonSize":"big","goToSlideType":"specified","invisible":false,"solution":""},{"x":0,"y":0,"width":21.78649237472767,"height":43.035092966559574,"action":{"library":"H5P.Image 1.1","params":{"decorative":false,"contentName":"Image","expandImage":"Expand Image","minimizeImage":"Minimize Image","file":{"path":"images/image-N9EbhtjU.png","mime":"image/png","copyright":{"license":"U"},"width":497,"height":497}},"metadata":{"contentType":"Image","license":"U","title":"Untitled Image","authors":[],"changes":[]},"subContentId":"318687b4-0d87-42bd-a605-2d23d0751e39"},"alwaysDisplayComments":false,"backgroundOpacity":0,"displayAsButton":false,"buttonSize":"big","goToSlideType":"specified","invisible":false,"solution":""},{"x":8.714596949891067,"y":30.124565076591704,"width":64.27015250544663,"height":60.24913015318341,"action":{"library":"H5P.AdvancedText 1.1","params":{"text":"<p><strong>AUC </strong>(Area Under the ROC Curve): Measures the model's ability to distinguish between positive and negative classes, where a perfect score is 1 and a bad score is close to 0.</p>\n\n<p><strong>Recall </strong>(True Positive Rate): Measures the proportion of actual positives correctly identified, where a perfect score is 1 and a bad score is close to 0.</p>\n\n<p><strong>Precision </strong>(Positive Predictive Value): Measures the proportion of predicted positives that are correctly classified, where a perfect score is 1 and a bad score is close to 0.</p>\n\n<p><strong>F1 Score</strong>: Harmonic mean of precision and recall, where a perfect score is 1 and a bad score is close to 0.</p>\n"},"metadata":{"contentType":"Text","license":"U","title":"Untitled Text","authors":[],"changes":[]},"subContentId":"9ef9490a-f52a-446a-a3a3-61b4b8e14e26"},"alwaysDisplayComments":false,"backgroundOpacity":0,"displayAsButton":false,"buttonSize":"big","goToSlideType":"specified","invisible":false,"solution":""},{"x":8.714596949891067,"y":17.21403718662383,"width":67.53812636165577,"height":12.910527889967874,"action":{"library":"H5P.AdvancedText 1.1","params":{"text":"<p style=\"text-align:left\"><strong><span style=\"font-size:1.75em\"><span><span><span><span>Reading 1: Evaluation metrics</span></span></span></span></span></strong></p>\n"},"metadata":{"contentType":"Text","license":"U","title":"Untitled Text","authors":[],"changes":[]},"subContentId":"79ba3e78-ce77-4294-97ba-a4ce46634052"},"alwaysDisplayComments":false,"backgroundOpacity":0,"displayAsButton":false,"buttonSize":"big","goToSlideType":"specified","invisible":false,"solution":""}],"keywords":[{"main":"Reading 1. Evaluation Metrics"}],"slideBackgroundSelector":{}},{"elements":[{"x":2.178649237472767,"y":38.73158366990362,"width":42.17864923747277,"height":25.175529385437354,"action":{"library":"H5P.AdvancedText 1.1","params":{"text":"<p style=\"text-align:left\"><span style=\"font-size:1.25em\"><span><span><span><span>Instructions 01:</span></span></span></span></span></p>\n\n<p style=\"text-align:left\">Double click on the 'Predictions' widget will open a pop up window where you can view the evaluation metrics for our model.</p>\n"},"subContentId":"2b54bb48-7d22-4795-9aab-b4e7c29eb5c1","metadata":{"contentType":"Text","license":"U","title":"Untitled Text","authors":[],"changes":[]}},"alwaysDisplayComments":false,"backgroundOpacity":0,"displayAsButton":false,"buttonSize":"big","goToSlideType":"specified","invisible":false,"solution":""},{"x":2.178649237472767,"y":8.607018593311915,"width":43.485838779956424,"height":39.99573952579631,"action":{"library":"H5P.AdvancedText 1.1","params":{"text":"<p><span style=\"font-size:1.5em\"><strong>Activity 1: Evaluation Metrics</strong></span></p>\n\n<p>In this acitivity, we will evaluate our prediction with frequently used evalution metrics like AUC, F1 score, Precision, and Recall.</p>\n"},"subContentId":"2d4bb9c7-56ed-4aa7-82da-be3293bb2b99","metadata":{"contentType":"Text","license":"U","title":"Untitled Text","authors":[],"changes":[]}},"alwaysDisplayComments":false,"backgroundOpacity":0,"displayAsButton":false,"buttonSize":"big","goToSlideType":"specified","invisible":false,"solution":""},{"x":42.99967320261438,"y":28.803818073447996,"width":56.988017429193896,"height":71.196181926552,"action":{"library":"H5P.Image 1.1","params":{"decorative":false,"contentName":"Image","expandImage":"Expand Image","minimizeImage":"Minimize Image","file":{"path":"images/image-gPpnuO6L.png","mime":"image/png","copyright":{"license":"U"},"width":1434,"height":907}},"subContentId":"e63b5f55-e891-4f14-86e5-747341c2db53","metadata":{"contentType":"Image","license":"U","title":"Untitled Image","authors":[],"changes":[]}},"alwaysDisplayComments":false,"backgroundOpacity":0,"displayAsButton":false,"buttonSize":"big","goToSlideType":"specified","invisible":false,"solution":""}],"keywords":[{"main":"Activity 1. Evaluation Metrics"}],"slideBackgroundSelector":{}},{"elements":[{"x":2.178649237472767,"y":0,"width":21.78649237472767,"height":43.035092966559574,"action":{"library":"H5P.Image 1.1","params":{"decorative":false,"contentName":"Image","expandImage":"Expand Image","minimizeImage":"Minimize Image","file":{"path":"images/image-rbHsY235.png","mime":"image/png","copyright":{"license":"U"},"width":497,"height":497}},"metadata":{"contentType":"Image","license":"U","title":"Untitled Image","authors":[],"changes":[]},"subContentId":"087894fd-1fe5-4046-b0bf-6cb1b46bf8c6"},"alwaysDisplayComments":false,"backgroundOpacity":0,"displayAsButton":false,"buttonSize":"big","goToSlideType":"specified","invisible":false,"solution":""},{"x":11.982570806100219,"y":19.36579183495181,"width":67.53812636165577,"height":15.062282538295852,"action":{"library":"H5P.AdvancedText 1.1","params":{"text":"<p style=\"text-align:left\"><strong><span style=\"font-size:1.5em\">Quiz 1: Evaluation Metrics</span></strong></p>\n\n<p style=\"text-align:left\"><span style=\"font-size:1em\">Solve the following questions to deepen your knowledge on evaluation metrics.</span></p>\n"},"metadata":{"contentType":"Text","license":"U","title":"Untitled Text","authors":[],"changes":[]},"subContentId":"1640f9cc-e72f-4e8e-988e-6482cc7b1fe8"},"alwaysDisplayComments":false,"backgroundOpacity":0,"displayAsButton":false,"buttonSize":"big","goToSlideType":"specified","invisible":false,"solution":""},{"x":11.982570806100219,"y":38.73158366990362,"width":80.08714596949892,"height":54.19732020476097,"action":{"library":"H5P.SingleChoiceSet 1.11","params":{"choices":[{"subContentId":"0ce80ef6-7146-46ef-932b-c00c078e34c4","question":"<p style=\"text-align:left\">Which is the most likely to be a well designed model?</p>\n","answers":["<p>AUC 0.9 and Recall 0.9</p>\n","<p>AUC 0.9 and Recall 0.6</p>\n","<p>AUC 0.6 and Recall 0.9</p>\n","<p>AUC 0.6 and Recall 0.6</p>\n"]},{"subContentId":"138b84ab-43a4-4b11-afd0-94e1a2844bf8","question":"<p>In a binary classification problem, which of the following metrics is primarily concerned with the trade-off between correctly identifying positive instances and minimizing false positives?</p>\n","answers":["<p>Precision</p>\n","<p>Recall</p>\n","<p>F1 Score</p>\n","<p>AUC</p>\n"]},{"subContentId":"65298e0d-b75b-4d18-b6c2-ceeb3c9b29eb","question":"<p>In a medical diagnosis scenario where correctly identifying all positive cases is crucial, which metric would be the most appropriate to use as the primary evaluation criterion?</p>\n","answers":["<p>Recall</p>\n","<p>Precision</p>\n","<p>Accuracy</p>\n","<p>F1 Score</p>\n"]},{"subContentId":"a7ac916a-6ded-4e2c-90ed-07899e2954c5","question":"<p>In a scenario where both false positives and false negatives have significant consequences, which metric provides a balanced evaluation of the model's performance?</p>\n","answers":["<p>F1 Score</p>\n","<p>Recall</p>\n","<p>Precision</p>\n","<p>Accuracy</p>\n"]}],"overallFeedback":[{"from":0,"to":50,"feedback":"Not bad.. but you can do better."},{"from":51,"to":100,"feedback":"Great job!"}],"behaviour":{"autoContinue":true,"timeoutCorrect":2000,"timeoutWrong":3000,"soundEffectsEnabled":true,"enableRetry":true,"enableSolutionsButton":true,"passPercentage":100},"l10n":{"nextButtonLabel":"Next question","showSolutionButtonLabel":"Show solution","retryButtonLabel":"Retry","solutionViewTitle":"Solution list","correctText":"Correct!","incorrectText":"Incorrect!","shouldSelect":"Should have been selected","shouldNotSelect":"Should not have been selected","muteButtonLabel":"Mute feedback sound","closeButtonLabel":"Close","slideOfTotal":"Slide :num of :total","scoreBarLabel":"You got :num out of :total points","solutionListQuestionNumber":"Question :num","a11yShowSolution":"Show the solution. The task will be marked with its correct solution.","a11yRetry":"Retry the task. Reset all responses and start the task over again."}},"metadata":{"contentType":"Single Choice Set","license":"U","title":"Untitled Single Choice Set","authors":[],"changes":[],"extraTitle":"Untitled Single Choice Set"},"subContentId":"cf461f0a-72fd-425e-8c66-b98e80aae582"},"alwaysDisplayComments":false,"backgroundOpacity":0,"displayAsButton":false,"buttonSize":"big","goToSlideType":"specified","invisible":false,"solution":""}],"keywords":[{"main":"Quiz 1. Evaluation Metrics"}],"slideBackgroundSelector":{}},{"elements":[{"x":72.54901960784314,"y":32.27631972491968,"width":27.450980392156865,"height":49.490356911543515,"action":{"library":"H5P.Image 1.1","params":{"decorative":false,"contentName":"Image","expandImage":"Expand Image","minimizeImage":"Minimize Image","file":{"path":"images/image-RYZLVWh9.png","mime":"image/png","copyright":{"license":"U"},"width":627,"height":577},"alt":"read"},"metadata":{"contentType":"Image","license":"U","title":"Untitled Image","authors":[],"changes":[]},"subContentId":"4bd12c1b-9ad5-4cc3-ad23-5e3717abd4ff"},"alwaysDisplayComments":false,"backgroundOpacity":0,"displayAsButton":false,"buttonSize":"big","goToSlideType":"specified","invisible":false,"solution":""},{"x":0,"y":0,"width":21.78649237472767,"height":43.035092966559574,"action":{"library":"H5P.Image 1.1","params":{"decorative":false,"contentName":"Image","expandImage":"Expand Image","minimizeImage":"Minimize Image","file":{"path":"images/image-N9EbhtjU.png","mime":"image/png","copyright":{"license":"U"},"width":497,"height":497}},"metadata":{"contentType":"Image","license":"U","title":"Untitled Image","authors":[],"changes":[]},"subContentId":"5ebf23a5-7a97-4dc9-a30f-ca0b392bbeb0"},"alwaysDisplayComments":false,"backgroundOpacity":0,"displayAsButton":false,"buttonSize":"big","goToSlideType":"specified","invisible":false,"solution":""},{"x":8.714596949891067,"y":30.124565076591704,"width":67.53812636165577,"height":66.70439409816734,"action":{"library":"H5P.AdvancedText 1.1","params":{"text":"<p>A <strong>confusion matrix </strong>summarizes the counts of true positive, false positive, true negative, and false negative predictions made by a classification model, providing insights into its performance strengths and weaknesses.</p>\n\n<p><strong>True Positive </strong>is when an actual positive data is also predicted to be positive.</p>\n\n<p><strong>True Negative</strong> is when an actual negative data is also predicted to be negative.</p>\n\n<p><strong>False Positive </strong>is when an actual negative data is falsely predicted to be positive.</p>\n\n<p><strong>False Negative </strong>is when an actual positive data is falsely predicted to be negative.</p>\n"},"metadata":{"contentType":"Text","license":"U","title":"Untitled Text","authors":[],"changes":[]},"subContentId":"36ca0d0d-d1d3-49cc-9e98-6514acdf4f91"},"alwaysDisplayComments":false,"backgroundOpacity":0,"displayAsButton":false,"buttonSize":"big","goToSlideType":"specified","invisible":false,"solution":""},{"x":8.714596949891067,"y":17.21403718662383,"width":67.53812636165577,"height":12.910527889967874,"action":{"library":"H5P.AdvancedText 1.1","params":{"text":"<p style=\"text-align:left\"><strong><span style=\"font-size:1.75em\"><span><span><span><span>Reading 2: Confusion Matrix</span></span></span></span></span></strong></p>\n"},"metadata":{"contentType":"Text","license":"U","title":"Untitled Text","authors":[],"changes":[]},"subContentId":"4550ed70-0726-494d-981b-02f02f634d94"},"alwaysDisplayComments":false,"backgroundOpacity":0,"displayAsButton":false,"buttonSize":"big","goToSlideType":"specified","invisible":false,"solution":""}],"keywords":[{"main":"Reading 2. Confusion Matrix"}],"slideBackgroundSelector":{}},{"elements":[{"x":2.178649237472767,"y":45.18684761488756,"width":42.17864923747277,"height":21.517546483279787,"action":{"library":"H5P.AdvancedText 1.1","params":{"text":"<p style=\"text-align:left\"><span style=\"font-size:1.25em\"><span><span><span><span>Instructions 01:</span></span></span></span></span></p>\n\n<p style=\"text-align:left\">Add a \"Confusion Matrix\" widget from the \"Evaluate\" tab. Link it to the Predictions widget.</p>\n"},"subContentId":"9297c38f-8368-4670-aa78-5207272bde07","metadata":{"contentType":"Text","license":"U","title":"Untitled Text","authors":[],"changes":[]}},"alwaysDisplayComments":false,"backgroundOpacity":0,"displayAsButton":false,"buttonSize":"big","goToSlideType":"specified","invisible":false,"solution":""},{"x":2.178649237472767,"y":8.607018593311915,"width":43.485838779956424,"height":39.99573952579631,"action":{"library":"H5P.AdvancedText 1.1","params":{"text":"<p><span style=\"font-size:1.5em\"><strong>Activity 2: Confusion Matrix</strong></span></p>\n\n<p>In this acitivity, we will use Confusion Matrix to analyze the model's performance in depth.</p>\n"},"subContentId":"48854d91-0248-4114-b873-92f43f92c793","metadata":{"contentType":"Text","license":"U","title":"Untitled Text","authors":[],"changes":[]}},"alwaysDisplayComments":false,"backgroundOpacity":0,"displayAsButton":false,"buttonSize":"big","goToSlideType":"specified","invisible":false,"solution":""},{"x":43.57298474945534,"y":29.521964874000645,"width":56.41339869281046,"height":70.47814140040495,"action":{"library":"H5P.Image 1.1","params":{"decorative":false,"contentName":"Image","expandImage":"Expand Image","minimizeImage":"Minimize Image","file":{"path":"images/image-IboIV6pK.png","mime":"image/png","copyright":{"license":"U"},"width":1434,"height":907}},"subContentId":"9fbe3b12-4c65-4070-b2bc-ee1b6b75f490","metadata":{"contentType":"Image","license":"U","title":"Untitled Image","authors":[],"changes":[]}},"alwaysDisplayComments":false,"backgroundOpacity":0,"displayAsButton":false,"buttonSize":"big","goToSlideType":"specified","invisible":false,"solution":""}],"keywords":[{"main":"Activity 2. Confusion Matrix"}],"slideBackgroundSelector":{}},{"elements":[{"x":2.178649237472767,"y":25.821055779935747,"width":42.17864923747277,"height":19.36579183495181,"action":{"library":"H5P.AdvancedText 1.1","params":{"text":"<p style=\"text-align:left\"><span style=\"font-size:1.125em\">Instructions 02:</span></p>\n\n<p style=\"text-align:left\">Double click on the Confusion Matrix widget to open and view the confusion matrix.</p>\n\n<p> </p>\n"},"subContentId":"fa4c90bc-5c6e-4677-922b-edfae85c58a1","metadata":{"contentType":"Text","license":"U","title":"Untitled Text","authors":[],"changes":[]}},"alwaysDisplayComments":false,"backgroundOpacity":0,"displayAsButton":false,"buttonSize":"big","goToSlideType":"specified","invisible":false,"solution":""},{"x":38.877991653475625,"y":23.639606917460846,"width":61.12200435729848,"height":76.36039308253915,"action":{"library":"H5P.Image 1.1","params":{"decorative":false,"contentName":"Image","expandImage":"Expand Image","minimizeImage":"Minimize Image","file":{"path":"images/image-5728jstM.png","mime":"image/png","copyright":{"license":"U"},"width":1434,"height":907}},"subContentId":"bf424eab-7139-4bd7-85ec-3c5f9ac2c987","metadata":{"contentType":"Image","license":"U","title":"Untitled Image","authors":[],"changes":[]}},"alwaysDisplayComments":false,"backgroundOpacity":0,"displayAsButton":false,"buttonSize":"big","goToSlideType":"specified","invisible":false,"solution":""}],"keywords":[{"main":"Activity 2. Confusion Matrix"}],"slideBackgroundSelector":{}},{"elements":[{"x":6.5359477124183005,"y":0,"width":13.071895424836601,"height":25.821055779935747,"action":{"library":"H5P.Image 1.1","params":{"decorative":false,"contentName":"Image","expandImage":"Expand Image","minimizeImage":"Minimize Image","file":{"path":"images/image-rbHsY235.png","mime":"image/png","copyright":{"license":"U"},"width":497,"height":497}},"metadata":{"contentType":"Image","license":"U","title":"Untitled Image","authors":[],"changes":[]},"subContentId":"495f0919-de61-4b48-8e06-113d45cf1d86"},"alwaysDisplayComments":false,"backgroundOpacity":0,"displayAsButton":false,"buttonSize":"big","goToSlideType":"specified","invisible":false,"solution":""},{"x":11.982570806100219,"y":8.607018593311915,"width":67.53812636165577,"height":15.062282538295852,"action":{"library":"H5P.AdvancedText 1.1","params":{"text":"<p style=\"text-align:left\"><strong><span style=\"font-size:1.5em\">Quiz 2: Confusion Matrix</span></strong></p>\n"},"metadata":{"contentType":"Text","license":"U","title":"Untitled Text","authors":[],"changes":[]},"subContentId":"10bd59c1-9c92-4a99-95f2-8347108a9757"},"alwaysDisplayComments":false,"backgroundOpacity":0,"displayAsButton":false,"buttonSize":"big","goToSlideType":"specified","invisible":false,"solution":""},{"x":11.982570806100219,"y":17.21403718662383,"width":82.78867102396515,"height":79.61492198813522,"action":{"library":"H5P.SingleChoiceSet 1.11","params":{"choices":[{"subContentId":"0ce80ef6-7146-46ef-932b-c00c078e34c4","question":"<p style=\"text-align:left\">In a binary classification problem, suppose a model has the following confusion matrix:</p>\n\n<p style=\"text-align:left\">[[150 20]</p>\n\n<p style=\"text-align:left\">[ 30 100]]</p>\n\n<p style=\"text-align:left\">What does the value 150 represent in this confusion matrix?</p>\n","answers":["<p>True Positives</p>\n","<p>False Positives</p>\n","<p>True Negatives</p>\n","<p>False Negatives</p>\n"]},{"subContentId":"138b84ab-43a4-4b11-afd0-94e1a2844bf8","question":"<p>In a binary classification problem, suppose a model has the following confusion matrix:</p>\n\n<p>[[200 50]</p>\n\n<p>[ 20 130]]</p>\n\n<p>What are the precision and recall values, respectively, for this model?</p>\n","answers":["<p>Precision: 0.8, Recall: 0.909</p>\n","<p>Precision: 0.909, Recall: 0.8</p>\n","<p>Precision: 0.7, Recall: 0.909</p>\n","<p>Precision: 0.909, Recall: 0.7</p>\n"]},{"subContentId":"65298e0d-b75b-4d18-b6c2-ceeb3c9b29eb","question":"<p>In a binary classification problem, consider the following confusion matrix:</p>\n\n<p>[[200 50]</p>\n\n<p>[ 20 130]]</p>\n\n<p>What can you infer about the model's performance based on this confusion matrix?</p>\n","answers":["<p>The model is biased towards predicting positive instances.</p>\n","<p>The model has a higher tendency to predict negative instances correctly.</p>\n","<p>The model has a balanced performance in predicting both positive and negative instances.</p>\n","<p>The model is biased towards predicting negative instances</p>\n"]}],"overallFeedback":[{"from":0,"to":50,"feedback":"Not bad.. but you can do better."},{"from":51,"to":100,"feedback":"Great job!"}],"behaviour":{"autoContinue":true,"timeoutCorrect":2000,"timeoutWrong":3000,"soundEffectsEnabled":true,"enableRetry":true,"enableSolutionsButton":true,"passPercentage":100},"l10n":{"nextButtonLabel":"Next question","showSolutionButtonLabel":"Show solution","retryButtonLabel":"Retry","solutionViewTitle":"Solution list","correctText":"Correct!","incorrectText":"Incorrect!","shouldSelect":"Should have been selected","shouldNotSelect":"Should not have been selected","muteButtonLabel":"Mute feedback sound","closeButtonLabel":"Close","slideOfTotal":"Slide :num of :total","scoreBarLabel":"You got :num out of :total points","solutionListQuestionNumber":"Question :num","a11yShowSolution":"Show the solution. The task will be marked with its correct solution.","a11yRetry":"Retry the task. Reset all responses and start the task over again."}},"metadata":{"contentType":"Single Choice Set","license":"U","title":"Untitled Single Choice Set","authors":[],"changes":[],"extraTitle":"Untitled Single Choice Set"},"subContentId":"acb21bf0-9726-486f-91c9-4a79e4f4fba5"},"alwaysDisplayComments":false,"backgroundOpacity":0,"displayAsButton":false,"buttonSize":"big","goToSlideType":"specified","invisible":false,"solution":""}],"keywords":[{"main":"Quiz 2. Confusion Matrix"}],"slideBackgroundSelector":{}}],"keywordListEnabled":true,"globalBackgroundSelector":{"fillGlobalBackground":"#fffdf8"},"keywordListAlwaysShow":false,"keywordListAutoHide":false,"keywordListOpacity":90},"override":{"activeSurface":false,"hideSummarySlide":false,"summarySlideSolutionButton":true,"summarySlideRetryButton":true,"enablePrintButton":false,"social":{"showFacebookShare":false,"facebookShare":{"url":"@currentpageurl","quote":"I scored @score out of @maxScore on a task at @currentpageurl."},"showTwitterShare":false,"twitterShare":{"statement":"I scored @score out of @maxScore on a task at @currentpageurl.","url":"@currentpageurl","hashtags":"h5p, course"},"showGoogleShare":false,"googleShareUrl":"@currentpageurl"}},"l10n":{"slide":"Slide","score":"Score","yourScore":"Your Score","maxScore":"Max Score","total":"Total","totalScore":"Total Score","showSolutions":"Show solutions","retry":"Retry","exportAnswers":"Export text","hideKeywords":"Hide sidebar navigation menu","showKeywords":"Show sidebar navigation menu","fullscreen":"Fullscreen","exitFullscreen":"Exit fullscreen","prevSlide":"Previous slide","nextSlide":"Next slide","currentSlide":"Current slide","lastSlide":"Last slide","solutionModeTitle":"Exit solution mode","solutionModeText":"Solution Mode","summaryMultipleTaskText":"Multiple tasks","scoreMessage":"You achieved:","shareFacebook":"Share on Facebook","shareTwitter":"Share on Twitter","shareGoogle":"Share on Google+","summary":"Summary","solutionsButtonTitle":"Show comments","printTitle":"Print","printIngress":"How would you like to print this presentation?","printAllSlides":"Print all slides","printCurrentSlide":"Print current slide","noTitle":"No title","accessibilitySlideNavigationExplanation":"Use left and right arrow to change slide in that direction whenever canvas is selected.","accessibilityCanvasLabel":"Presentation canvas. Use left and right arrow to move between slides.","accessibilityProgressBarLabel":"Choose slide to display","containsNotCompleted":"@slideName contains not completed interaction","containsCompleted":"@slideName contains completed interaction","slideCount":"Slide @index of @total","containsOnlyCorrect":"@slideName only has correct answers","containsIncorrectAnswers":"@slideName has incorrect answers","shareResult":"Share Result","accessibilityTotalScore":"You got @score of @maxScore points in total","accessibilityEnteredFullscreen":"Entered fullscreen","accessibilityExitedFullscreen":"Exited fullscreen","confirmDialogHeader":"Submit your answers","confirmDialogText":"This will submit your results, do you want to continue?","confirmDialogConfirmText":"Submit and see results","slideshowNavigationLabel":"Slideshow navigation"}}