{"presentation":{"slides":[{"elements":[{"x":52.832244008714596,"y":38.73158366990362,"width":34.85838779956427,"height":21.517546483279787,"action":{"library":"H5P.AdvancedText 1.1","params":{"text":"<p style=\"text-align:left\"><span style=\"font-size:1.75em\"><span><span><span><span>d. </span></span></span></span></span><span style=\"font-size:1.625em\"><span><span><span><span>Explore the Data</span></span></span></span></span></p>\n"},"subContentId":"5808aee4-2e8c-441c-9cb8-65d20bf5d146","metadata":{"contentType":"Text","license":"U","title":"Untitled Text","authors":[],"changes":[]}},"alwaysDisplayComments":false,"backgroundOpacity":0,"displayAsButton":false,"buttonSize":"big","goToSlideType":"specified","invisible":false,"solution":""},{"x":50.108932461873636,"y":31.35106522613865,"width":0.4684095860566449,"height":68.64635266828334,"action":{"library":"H5P.Shape 1.0","params":{"line":{"borderWidth":"3","borderStyle":"solid","borderColor":"rgb(255, 232, 136)"},"type":"vertical-line","shape":{"fillColor":"#ffffff","borderColor":"#000000","borderWidth":"0","borderStyle":"solid","borderRadius":"0"}},"subContentId":"f943e1d7-afa5-4128-a8e1-1d6312c21855","metadata":{"contentType":"Shapes"}},"backgroundOpacity":0,"displayAsButton":false,"buttonSize":"big","goToSlideType":"specified","invisible":false},{"x":52.72331154684096,"y":31.200442400755694,"width":40.19607843137255,"height":8.607018593311915,"action":{"library":"H5P.AdvancedText 1.1","params":{"text":"<p style=\"text-align:left\"><span style=\"font-size:1em\"><span><span><span style=\"color:#ffc000\"><span>Supervised Learning </span></span></span></span></span></p>\n"},"metadata":{"contentType":"Text","license":"U","title":"Untitled Text","authors":[],"changes":[]},"subContentId":"286998c1-2ba0-4bc2-a75a-05c1dc3635d0"},"alwaysDisplayComments":false,"backgroundOpacity":0,"displayAsButton":false,"buttonSize":"big","goToSlideType":"specified","invisible":false,"solution":""},{"x":52.66622778143515,"y":52.01780309310861,"width":37.61630094043887,"height":22.778310999925694,"action":{"library":"H5P.AdvancedText 1.1","params":{"text":"<p>Now that we got the data we needed, it is time to explore the data and understand its structure.</p>\n"},"subContentId":"9e35d8a7-0bc7-45e6-a201-3b59b8472c4d","metadata":{"contentType":"Text","license":"U","title":"Untitled Text","authors":[],"changes":[]}},"alwaysDisplayComments":false,"backgroundOpacity":0,"displayAsButton":false,"buttonSize":"big","goToSlideType":"specified","invisible":false,"solution":""},{"x":15.250544662309368,"y":38.73183369411319,"width":20.250088594137598,"height":40,"action":{"library":"H5P.Image 1.1","params":{"decorative":false,"contentName":"Image","expandImage":"Expand Image","minimizeImage":"Minimize Image","file":{"path":"images/image-aloCGNCY.png","mime":"image/png","copyright":{"license":"U"},"width":512,"height":512}},"subContentId":"48090745-f57e-4d53-93cc-d1b7000d21b2","metadata":{"contentType":"Image","license":"U","title":"Untitled Image","authors":[],"changes":[]}},"alwaysDisplayComments":false,"backgroundOpacity":0,"displayAsButton":false,"buttonSize":"big","goToSlideType":"specified","invisible":false,"solution":""}],"keywords":[{"main":"d. Explore the Data"}],"slideBackgroundSelector":{}},{"elements":[{"x":6.5359477124183005,"y":4.303509296655958,"width":16.33986928104575,"height":32.27631972491968,"action":{"library":"H5P.Image 1.1","params":{"decorative":false,"contentName":"Image","expandImage":"Expand Image","minimizeImage":"Minimize Image","file":{"path":"images/image-ZJmJuClX.png","mime":"image/png","copyright":{"license":"U"},"width":497,"height":497}},"subContentId":"b282e62b-7465-4abb-8725-c9943800c6ff","metadata":{"contentType":"Image","license":"U","title":"Untitled Image","authors":[],"changes":[]}},"alwaysDisplayComments":false,"backgroundOpacity":0,"displayAsButton":false,"buttonSize":"big","goToSlideType":"specified","invisible":false,"solution":""},{"x":14.106583072100314,"y":18.576771604785378,"width":50.10893246187364,"height":10.758773241639894,"action":{"library":"H5P.AdvancedText 1.1","params":{"text":"<p><strong><span style=\"font-size:1.5em\">Activity 1: Exploring the Dataset</span></strong></p>\n"},"subContentId":"a3d5c950-4657-44bc-ade7-6b0ec6b74928","metadata":{"contentType":"Text","license":"U","title":"Untitled Text","authors":[],"changes":[]}},"alwaysDisplayComments":false,"backgroundOpacity":0,"displayAsButton":false,"buttonSize":"big","goToSlideType":"specified","invisible":false,"solution":""},{"x":14.161220043572985,"y":36.57982902157564,"width":50.156739811912225,"height":15.059755281995393,"action":{"library":"H5P.AdvancedText 1.1","params":{"text":"<p>Let's view and explore our dataset using the Orange tool.</p>\n"},"subContentId":"0d016644-2ae6-4c30-a19b-604140ce4983","metadata":{"contentType":"Text","license":"U","title":"Untitled Text","authors":[],"changes":[]}},"alwaysDisplayComments":false,"backgroundOpacity":0,"displayAsButton":false,"buttonSize":"big","goToSlideType":"specified","invisible":false,"solution":""},{"x":78.36990595611286,"y":3.096128600797563,"width":15.546630094043888,"height":30.709725559160827,"action":{"library":"H5P.Image 1.1","params":{"decorative":false,"contentName":"Image","expandImage":"Expand Image","minimizeImage":"Minimize Image","file":{"path":"images/image-LLCk27LX.png","mime":"image/png","copyright":{"license":"U"},"width":512,"height":512}},"subContentId":"0c3cc231-c751-44bd-9aa9-a90fab0a0c9c","metadata":{"contentType":"Image","license":"U","title":"Untitled Image","authors":[],"changes":[]}},"alwaysDisplayComments":false,"backgroundOpacity":0,"displayAsButton":false,"buttonSize":"big","goToSlideType":"specified","invisible":false,"solution":""},{"x":14.161220043572985,"y":45.186847614887554,"width":48.58934169278997,"height":39.99826616798355,"action":{"library":"H5P.AdvancedText 1.1","params":{"text":"<p><strong>Instruction 1:</strong></p>\n\n<p>1. Drag and drop the <strong>\"Data Table\" widget </strong>from<strong> Data section </strong>to the workspace.</p>\n\n<p>2. Connect the widgets with each other.</p>\n\n<p> </p>\n"},"subContentId":"88144d7c-cf7f-46f5-bd96-199279c16de2","metadata":{"contentType":"Text","license":"U","title":"Untitled Text","authors":[],"changes":[]}},"alwaysDisplayComments":false,"backgroundOpacity":0,"displayAsButton":false,"buttonSize":"big","goToSlideType":"specified","invisible":false,"solution":""},{"x":70.53291536050156,"y":61.92257201595126,"width":26.64576802507837,"height":29.084258043742107,"action":{"library":"H5P.Image 1.1","params":{"decorative":false,"contentName":"Image","expandImage":"Expand Image","minimizeImage":"Minimize Image","file":{"path":"images/image-PUDXP1TA.png","mime":"image/png","copyright":{"license":"U"},"width":228,"height":126}},"subContentId":"0ae192d7-5831-4e4e-8965-45897bbb9aa7","metadata":{"contentType":"Image","license":"U","title":"Untitled Image","authors":[],"changes":[]}},"alwaysDisplayComments":false,"backgroundOpacity":0,"displayAsButton":false,"buttonSize":"big","goToSlideType":"specified","invisible":false,"solution":""}],"keywords":[{"main":"1. Exploring the Dataset"}],"slideBackgroundSelector":{}},{"elements":[{"x":4.357298474945534,"y":4.303509296655958,"width":16.33986928104575,"height":32.27631972491968,"action":{"library":"H5P.Image 1.1","params":{"decorative":false,"contentName":"Image","expandImage":"Expand Image","minimizeImage":"Minimize Image","file":{"path":"images/image-ZJmJuClX.png","mime":"image/png","copyright":{"license":"U"},"width":497,"height":497}},"subContentId":"0163b3a4-afdf-4794-811a-0148af021eb3","metadata":{"contentType":"Image","license":"U","title":"Untitled Image","authors":[],"changes":[]}},"alwaysDisplayComments":false,"backgroundOpacity":0,"displayAsButton":false,"buttonSize":"big","goToSlideType":"specified","invisible":false,"solution":""},{"x":11.982570806100219,"y":19.36579183495181,"width":50.10893246187364,"height":10.758773241639894,"action":{"library":"H5P.AdvancedText 1.1","params":{"text":"<p><strong><span style=\"font-size:1.5em\">Activity 1: Exploring the Dataset</span></strong></p>\n"},"subContentId":"4a8014f5-eb3b-4b4b-a466-4cdde3ca67c0","metadata":{"contentType":"Text","license":"U","title":"Untitled Text","authors":[],"changes":[]}},"alwaysDisplayComments":false,"backgroundOpacity":0,"displayAsButton":false,"buttonSize":"big","goToSlideType":"specified","invisible":false,"solution":""},{"x":75.23510971786834,"y":3.096128600797563,"width":12.411833855799372,"height":24.5174683575657,"action":{"library":"H5P.Image 1.1","params":{"decorative":false,"contentName":"Image","expandImage":"Expand Image","minimizeImage":"Minimize Image","file":{"path":"images/image-LLCk27LX.png","mime":"image/png","copyright":{"license":"U"},"width":512,"height":512}},"subContentId":"4cfe8716-c800-4e99-ac26-71a5ef7c1f12","metadata":{"contentType":"Image","license":"U","title":"Untitled Image","authors":[],"changes":[]}},"alwaysDisplayComments":false,"backgroundOpacity":0,"displayAsButton":false,"buttonSize":"big","goToSlideType":"specified","invisible":false,"solution":""},{"x":12.539184952978056,"y":46.441929011963445,"width":37.61630094043887,"height":39.99826616798355,"action":{"library":"H5P.AdvancedText 1.1","params":{"text":"<p><strong>Instruction 2:</strong></p>\n\n<p>1. Double-click the widget \"Data Table\".</p>\n\n<p>2. Analyse the dataset.</p>\n\n<p> </p>\n"},"subContentId":"b1003597-d413-4af7-a3a4-7570e79fb0cf","metadata":{"contentType":"Text","license":"U","title":"Untitled Text","authors":[],"changes":[]}},"alwaysDisplayComments":false,"backgroundOpacity":0,"displayAsButton":false,"buttonSize":"big","goToSlideType":"specified","invisible":false,"solution":""},{"x":47.11584286492375,"y":30.003417349910407,"width":52.884952978056425,"height":69.99665618111115,"action":{"library":"H5P.Image 1.1","params":{"decorative":false,"contentName":"Image","expandImage":"Expand Image","minimizeImage":"Minimize Image","file":{"path":"images/image-m2T5MB0E.png","mime":"image/png","copyright":{"license":"U"},"width":1370,"height":918}},"subContentId":"8872ac81-a0bc-4558-a7b1-819bfa8dd8d4","metadata":{"contentType":"Image","license":"U","title":"Untitled Image","authors":[],"changes":[]}},"alwaysDisplayComments":false,"backgroundOpacity":0,"displayAsButton":false,"buttonSize":"big","goToSlideType":"specified","invisible":false,"solution":""}],"keywords":[{"main":"1. Exploring the Dataset"}],"slideBackgroundSelector":{}},{"elements":[{"x":3.2679738562091503,"y":4.303509296655958,"width":16.33986928104575,"height":32.27631972491968,"action":{"library":"H5P.Image 1.1","params":{"decorative":false,"contentName":"Image","expandImage":"Expand Image","minimizeImage":"Minimize Image","file":{"path":"images/image-ZJmJuClX.png","mime":"image/png","copyright":{"license":"U"},"width":497,"height":497}},"subContentId":"47796d63-aa29-4c39-92c5-787366f95372","metadata":{"contentType":"Image","license":"U","title":"Untitled Image","authors":[],"changes":[]}},"alwaysDisplayComments":false,"backgroundOpacity":0,"displayAsButton":false,"buttonSize":"big","goToSlideType":"specified","invisible":false,"solution":""},{"x":11.982570806100219,"y":19.36579183495181,"width":50.10893246187364,"height":10.758773241639894,"action":{"library":"H5P.AdvancedText 1.1","params":{"text":"<p><strong><span style=\"font-size:1.5em\">Activity 1: Exploring the Dataset</span></strong></p>\n"},"subContentId":"b05ed938-f868-4cb6-bb8c-e4d8201ac413","metadata":{"contentType":"Text","license":"U","title":"Untitled Text","authors":[],"changes":[]}},"alwaysDisplayComments":false,"backgroundOpacity":0,"displayAsButton":false,"buttonSize":"big","goToSlideType":"specified","invisible":false,"solution":""},{"x":75.23510971786834,"y":3.096128600797563,"width":12.411833855799372,"height":24.5174683575657,"action":{"library":"H5P.Image 1.1","params":{"decorative":false,"contentName":"Image","expandImage":"Expand Image","minimizeImage":"Minimize Image","file":{"path":"images/image-LLCk27LX.png","mime":"image/png","copyright":{"license":"U"},"width":512,"height":512}},"subContentId":"5f274716-d9bb-4920-9afc-58e2d0075528","metadata":{"contentType":"Image","license":"U","title":"Untitled Image","authors":[],"changes":[]}},"alwaysDisplayComments":false,"backgroundOpacity":0,"displayAsButton":false,"buttonSize":"big","goToSlideType":"specified","invisible":false,"solution":""},{"x":11.982570806100219,"y":38.73183369411319,"width":33.769063180827885,"height":58.09775054116979,"action":{"library":"H5P.AdvancedText 1.1","params":{"text":"<p>Info about the features:</p>\n\n<ul>\n\t<li><strong>average_date</strong>: number of days passed from the beginning of the course and the day that the student accessed the course online. Normally, there have been multiple accesses, so the average value is recorded.</li>\n\t<li><strong>average_click</strong>: average number of clicks made by the students per access to the course.</li>\n</ul>\n"},"subContentId":"9ffaefb9-c1b9-410e-b342-46c28a020e6e","metadata":{"contentType":"Text","license":"U","title":"Untitled Text","authors":[],"changes":[]}},"alwaysDisplayComments":false,"backgroundOpacity":0,"displayAsButton":false,"buttonSize":"big","goToSlideType":"specified","invisible":false,"solution":""},{"x":47.11584286492375,"y":30.003417349910407,"width":52.884952978056425,"height":69.99665618111115,"action":{"library":"H5P.Image 1.1","params":{"decorative":false,"contentName":"Image","expandImage":"Expand Image","minimizeImage":"Minimize Image","file":{"path":"images/image-m2T5MB0E.png","mime":"image/png","copyright":{"license":"U"},"width":1370,"height":918}},"subContentId":"af84009a-f1fa-4582-9d19-bcfa92f6478d","metadata":{"contentType":"Image","license":"U","title":"Untitled Image","authors":[],"changes":[]}},"alwaysDisplayComments":false,"backgroundOpacity":0,"displayAsButton":false,"buttonSize":"big","goToSlideType":"specified","invisible":false,"solution":""}],"keywords":[{"main":"1. Exploring the Dataset"}],"slideBackgroundSelector":{}},{"elements":[{"x":6.5359477124183005,"y":4.303509296655958,"width":16.33986928104575,"height":32.27631972491968,"action":{"library":"H5P.Image 1.1","params":{"decorative":false,"contentName":"Image","expandImage":"Expand Image","minimizeImage":"Minimize Image","file":{"path":"images/image-ZJmJuClX.png","mime":"image/png","copyright":{"license":"U"},"width":497,"height":497}},"subContentId":"f71190da-89c3-4641-b630-4c41c3f0cf1d","metadata":{"contentType":"Image","license":"U","title":"Untitled Image","authors":[],"changes":[]}},"alwaysDisplayComments":false,"backgroundOpacity":0,"displayAsButton":false,"buttonSize":"big","goToSlideType":"specified","invisible":false,"solution":""},{"x":14.161220043572985,"y":17.21403718662383,"width":50.10893246187364,"height":10.758773241639894,"action":{"library":"H5P.AdvancedText 1.1","params":{"text":"<p><strong><span style=\"font-size:1.5em\">Quiz 1. Explore the Data</span></strong></p>\n"},"subContentId":"e57820bb-8851-45ad-92e6-ac933279bed5","metadata":{"contentType":"Text","license":"U","title":"Untitled Text","authors":[],"changes":[]}},"alwaysDisplayComments":false,"backgroundOpacity":0,"displayAsButton":false,"buttonSize":"big","goToSlideType":"specified","invisible":false,"solution":""},{"x":14.161220043572985,"y":36.57982902157564,"width":71.89542483660131,"height":47.338602263215535,"action":{"library":"H5P.SingleChoiceSet 1.11","params":{"choices":[{"subContentId":"808508b2-d5f2-483d-b1fa-4df3fdf35ae9","question":"<p>Is it necessary to label this dataset to use supervised learning algorithms?</p>\n","answers":["<p>No, the pass_fail variable is already our label/target.</p>\n","<p>Yes, we need to label the data.</p>\n"]},{"subContentId":"4953ae29-4f58-449e-ab62-964adfe821b1","question":"<p>Is there any missing data in the dataset?</p>\n","answers":["<p>No</p>\n","<p>Yes</p>\n"]},{"subContentId":"2ed1e368-cc13-45ee-a0df-a1004862fde6","question":"<p>What values can the feature \"pass_fail\" have?</p>\n","answers":["<p>0 or 1</p>\n","<p>True or False</p>\n","<p>\"Pass\" or \"Fail\"</p>\n","<p>\"P\" or \"F\"</p>\n"]},{"subContentId":"faca9503-65be-4459-8266-3d858421262e","question":"<p>Which of the following features is not in the dataset?</p>\n","answers":["<p>midterm_exam</p>\n","<p>average_date</p>\n","<p>student_id</p>\n","<p>average_click</p>\n"]}],"overallFeedback":[{"from":0,"to":100}],"behaviour":{"autoContinue":true,"timeoutCorrect":2000,"timeoutWrong":3000,"soundEffectsEnabled":true,"enableRetry":true,"enableSolutionsButton":true,"passPercentage":100},"l10n":{"nextButtonLabel":"Next question","showSolutionButtonLabel":"Show solution","retryButtonLabel":"Retry","solutionViewTitle":"Solution list","correctText":"Correct!","incorrectText":"Incorrect!","shouldSelect":"Should have been selected","shouldNotSelect":"Should not have been selected","muteButtonLabel":"Mute feedback sound","closeButtonLabel":"Close","slideOfTotal":"Slide :num of :total","scoreBarLabel":"You got :num out of :total points","solutionListQuestionNumber":"Question :num","a11yShowSolution":"Show the solution. The task will be marked with its correct solution.","a11yRetry":"Retry the task. Reset all responses and start the task over again."}},"subContentId":"070ef151-17f1-42c3-92c1-6f50d63638c8","metadata":{"contentType":"Single Choice Set","license":"U","title":"Untitled Single Choice Set","authors":[],"changes":[],"extraTitle":"Untitled Single Choice Set"}},"alwaysDisplayComments":false,"backgroundOpacity":0,"displayAsButton":false,"buttonSize":"big","goToSlideType":"specified","invisible":false,"solution":""},{"x":14.159912854030502,"y":25.821055779935747,"width":75.16339869281046,"height":15.062282538295852,"action":{"library":"H5P.AdvancedText 1.1","params":{"text":"<p>The following questions can be answered if you have opened and explored the data. </p>\n"},"subContentId":"206f4c02-4828-4e78-977f-5bf6a56894a9","metadata":{"contentType":"Text","license":"U","title":"Untitled Text","authors":[],"changes":[]}},"alwaysDisplayComments":false,"backgroundOpacity":0,"displayAsButton":false,"buttonSize":"big","goToSlideType":"specified","invisible":false,"solution":""}],"keywords":[{"main":"Questions. Explore the Data"}],"slideBackgroundSelector":{}},{"elements":[{"x":5.446623093681917,"y":4.303509296655958,"width":16.33986928104575,"height":32.27631972491968,"action":{"library":"H5P.Image 1.1","params":{"decorative":false,"contentName":"Image","expandImage":"Expand Image","minimizeImage":"Minimize Image","file":{"path":"images/image-ZJmJuClX.png","mime":"image/png","copyright":{"license":"U"},"width":497,"height":497}},"subContentId":"09dbdbd3-c016-48b7-981e-924fd334d0cb","metadata":{"contentType":"Image","license":"U","title":"Untitled Image","authors":[],"changes":[]}},"alwaysDisplayComments":false,"backgroundOpacity":0,"displayAsButton":false,"buttonSize":"big","goToSlideType":"specified","invisible":false,"solution":""},{"x":13.071895424836603,"y":19.36579183495181,"width":55.991285403050114,"height":10.758773241639894,"action":{"library":"H5P.AdvancedText 1.1","params":{"text":"<p><strong><span style=\"font-size:1.5em\">Activity 2: Exploring Feature Statistics</span></strong></p>\n"},"subContentId":"358e2f04-3357-40c6-9678-536a615a205d","metadata":{"contentType":"Text","license":"U","title":"Untitled Text","authors":[],"changes":[]}},"alwaysDisplayComments":false,"backgroundOpacity":0,"displayAsButton":false,"buttonSize":"big","goToSlideType":"specified","invisible":false,"solution":""},{"x":75.23510971786834,"y":3.096128600797563,"width":12.411833855799372,"height":24.5174683575657,"action":{"library":"H5P.Image 1.1","params":{"decorative":false,"contentName":"Image","expandImage":"Expand Image","minimizeImage":"Minimize Image","file":{"path":"images/image-LLCk27LX.png","mime":"image/png","copyright":{"license":"U"},"width":512,"height":512}},"subContentId":"d43a14cd-096e-4c6a-9a68-805f643a0d3a","metadata":{"contentType":"Image","license":"U","title":"Untitled Image","authors":[],"changes":[]}},"alwaysDisplayComments":false,"backgroundOpacity":0,"displayAsButton":false,"buttonSize":"big","goToSlideType":"specified","invisible":false,"solution":""},{"x":13.071895424836603,"y":38.73183369411319,"width":37.61492374727669,"height":6.455305615685532,"action":{"library":"H5P.AdvancedText 1.1","params":{"text":"<p>Let's explore it further.</p>\n"},"subContentId":"414ccdb3-7337-4141-80aa-f80fe5c3d761","metadata":{"contentType":"Text","license":"U","title":"Untitled Text","authors":[],"changes":[]}},"alwaysDisplayComments":false,"backgroundOpacity":0,"displayAsButton":false,"buttonSize":"big","goToSlideType":"specified","invisible":false,"solution":""},{"x":13.071895424836601,"y":49.490356911543515,"width":40,"height":40,"action":{"library":"H5P.AdvancedText 1.1","params":{"text":"<p><strong>Instructions 1:</strong></p>\n\n<p>1. Drag and drop the \"Feature Statistics\" widget from Data section to the workspace.</p>\n\n<p>2. Connect it with the \"Data Table\" widget.</p>\n"},"subContentId":"97168472-ad88-45bb-8cc6-bd294539c831","metadata":{"contentType":"Text","license":"U","title":"Untitled Text","authors":[],"changes":[]}},"alwaysDisplayComments":false,"backgroundOpacity":0,"displayAsButton":false,"buttonSize":"big","goToSlideType":"specified","invisible":false,"solution":""},{"x":59.912854030501094,"y":71.00836177254085,"width":38.126815597460904,"height":25.821222462742128,"action":{"library":"H5P.Image 1.1","params":{"decorative":false,"contentName":"Image","expandImage":"Expand Image","minimizeImage":"Minimize Image","file":{"path":"images/image-ci6Pi0l3.png","mime":"image/png","copyright":{"license":"U"},"width":350,"height":120}},"subContentId":"0b3e06c5-d0f6-4da1-a33a-8960436700cb","metadata":{"contentType":"Image","license":"U","title":"Untitled Image","authors":[],"changes":[]}},"alwaysDisplayComments":false,"backgroundOpacity":0,"displayAsButton":false,"buttonSize":"big","goToSlideType":"specified","invisible":false,"solution":""}],"keywords":[{"main":"1. Exploring the Dataset"}],"slideBackgroundSelector":{}},{"elements":[{"x":5.446623093681917,"y":6.455263944983937,"width":16.33986928104575,"height":32.27631972491968,"action":{"library":"H5P.Image 1.1","params":{"decorative":false,"contentName":"Image","expandImage":"Expand Image","minimizeImage":"Minimize Image","file":{"path":"images/image-ZJmJuClX.png","mime":"image/png","copyright":{"license":"U"},"width":497,"height":497}},"subContentId":"02d9dfb7-ae25-4e05-a7ee-a35dca4223c6","metadata":{"contentType":"Image","license":"U","title":"Untitled Image","authors":[],"changes":[]}},"alwaysDisplayComments":false,"backgroundOpacity":0,"displayAsButton":false,"buttonSize":"big","goToSlideType":"specified","invisible":false,"solution":""},{"x":13.071895424836603,"y":19.36579183495181,"width":53.7037037037037,"height":10.758773241639894,"action":{"library":"H5P.AdvancedText 1.1","params":{"text":"<p><strong><span style=\"font-size:1.5em\">Activity 2: Exploring Feature Statistics</span></strong></p>\n"},"subContentId":"20f8f125-95c7-47fe-a59d-8997cbeaf768","metadata":{"contentType":"Text","license":"U","title":"Untitled Text","authors":[],"changes":[]}},"alwaysDisplayComments":false,"backgroundOpacity":0,"displayAsButton":false,"buttonSize":"big","goToSlideType":"specified","invisible":false,"solution":""},{"x":75.23510971786834,"y":3.096128600797563,"width":12.411833855799372,"height":24.5174683575657,"action":{"library":"H5P.Image 1.1","params":{"decorative":false,"contentName":"Image","expandImage":"Expand Image","minimizeImage":"Minimize Image","file":{"path":"images/image-LLCk27LX.png","mime":"image/png","copyright":{"license":"U"},"width":512,"height":512}},"subContentId":"9b30f8f0-91cc-4db5-9a84-e9286c769c32","metadata":{"contentType":"Image","license":"U","title":"Untitled Image","authors":[],"changes":[]}},"alwaysDisplayComments":false,"backgroundOpacity":0,"displayAsButton":false,"buttonSize":"big","goToSlideType":"specified","invisible":false,"solution":""},{"x":13.071895424836601,"y":40.8833383182316,"width":28.32244008714597,"height":39.999440540179975,"action":{"library":"H5P.AdvancedText 1.1","params":{"text":"<p><strong>Instructions 2:</strong></p>\n\n<p>1. Double-click on the \"Feature Statistics\" widget.</p>\n\n<p> </p>\n"},"subContentId":"b759c93f-b7aa-4478-86f7-8286132ea532","metadata":{"contentType":"Text","license":"U","title":"Untitled Text","authors":[],"changes":[]}},"alwaysDisplayComments":false,"backgroundOpacity":0,"displayAsButton":false,"buttonSize":"big","goToSlideType":"specified","invisible":false,"solution":""},{"x":44.66230936819172,"y":34.428296616989506,"width":55.33769063180828,"height":65.5701971450335,"action":{"library":"H5P.Image 1.1","params":{"decorative":false,"contentName":"Image","expandImage":"Expand Image","minimizeImage":"Minimize Image","file":{"path":"images/image-B0ni2L3h.png","mime":"image/png","copyright":{"license":"U"},"width":1027,"height":611}},"subContentId":"7c5a4b2f-161e-4886-b48e-a90f5c375eb4","metadata":{"contentType":"Image","license":"U","title":"Untitled Image","authors":[],"changes":[]}},"alwaysDisplayComments":false,"backgroundOpacity":0,"displayAsButton":false,"buttonSize":"big","goToSlideType":"specified","invisible":false,"solution":""}],"keywords":[{"main":"1. Exploring the Dataset"}],"slideBackgroundSelector":{}},{"elements":[{"x":6.5359477124183005,"y":4.303509296655958,"width":16.33986928104575,"height":32.27631972491968,"action":{"library":"H5P.Image 1.1","params":{"decorative":false,"contentName":"Image","expandImage":"Expand Image","minimizeImage":"Minimize Image","file":{"path":"images/image-ZJmJuClX.png","mime":"image/png","copyright":{"license":"U"},"width":497,"height":497}},"subContentId":"346c89b5-b4dd-4aed-bea0-618afa576d70","metadata":{"contentType":"Image","license":"U","title":"Untitled Image","authors":[],"changes":[]}},"alwaysDisplayComments":false,"backgroundOpacity":0,"displayAsButton":false,"buttonSize":"big","goToSlideType":"specified","invisible":false,"solution":""},{"x":14.161220043572985,"y":19.365916847056596,"width":50.10893246187364,"height":10.758773241639894,"action":{"library":"H5P.AdvancedText 1.1","params":{"text":"<p><strong><span style=\"font-size:1.5em\">Quiz 2. Exploring the Dataset</span></strong></p>\n"},"subContentId":"7cfc89b9-d90f-408e-9160-a61286b97775","metadata":{"contentType":"Text","license":"U","title":"Untitled Text","authors":[],"changes":[]}},"alwaysDisplayComments":false,"backgroundOpacity":0,"displayAsButton":false,"buttonSize":"big","goToSlideType":"specified","invisible":false,"solution":""},{"x":75.23510971786834,"y":3.096128600797563,"width":12.411833855799372,"height":24.5174683575657,"action":{"library":"H5P.Image 1.1","params":{"decorative":false,"contentName":"Image","expandImage":"Expand Image","minimizeImage":"Minimize Image","file":{"path":"images/image-LLCk27LX.png","mime":"image/png","copyright":{"license":"U"},"width":512,"height":512}},"subContentId":"b16a8bfa-25a4-4bea-81b4-0b488bfec3e4","metadata":{"contentType":"Image","license":"U","title":"Untitled Image","authors":[],"changes":[]}},"alwaysDisplayComments":false,"backgroundOpacity":0,"displayAsButton":false,"buttonSize":"big","goToSlideType":"specified","invisible":false,"solution":""},{"x":14.161220043572985,"y":36.57982902157564,"width":72.98474945533769,"height":55.94598200260795,"action":{"library":"H5P.SingleChoiceSet 1.11","params":{"choices":[{"subContentId":"f9e7e3a8-b496-4e31-b9bd-0d41a432a224","question":"<p>What is the mean of \"average_date\"? </p>\n","answers":["<p>100.12</p>\n","<p>66.99</p>\n","<p>3.29</p>\n","<p>958643.21</p>\n"]},{"subContentId":"27fad969-4c3b-4f86-8cda-664e454898b9","question":"<p>Did more students pass or fail? (Hint: 'mode' shows the most common value for a feature. 1 is pass and 0 is fail)</p>\n","answers":["<p>Pass</p>\n","<p>Equal</p>\n","<p>Can't be known from Feature Statistics</p>\n","<p>Fail</p>\n"]}],"overallFeedback":[{"from":0,"to":100}],"behaviour":{"autoContinue":true,"timeoutCorrect":2000,"timeoutWrong":3000,"soundEffectsEnabled":true,"enableRetry":true,"enableSolutionsButton":true,"passPercentage":100},"l10n":{"nextButtonLabel":"Next question","showSolutionButtonLabel":"Show solution","retryButtonLabel":"Retry","solutionViewTitle":"Solution list","correctText":"Correct!","incorrectText":"Incorrect!","shouldSelect":"Should have been selected","shouldNotSelect":"Should not have been selected","muteButtonLabel":"Mute feedback sound","closeButtonLabel":"Close","slideOfTotal":"Slide :num of :total","scoreBarLabel":"You got :num out of :total points","solutionListQuestionNumber":"Question :num","a11yShowSolution":"Show the solution. The task will be marked with its correct solution.","a11yRetry":"Retry the task. Reset all responses and start the task over again."}},"subContentId":"3875e83d-2daa-425c-94c4-22cb49f36d77","metadata":{"contentType":"Single Choice Set","license":"U","title":"Untitled Single Choice Set","authors":[],"changes":[],"extraTitle":"Untitled Single Choice Set"}},"alwaysDisplayComments":false,"backgroundOpacity":0,"displayAsButton":false,"buttonSize":"big","goToSlideType":"specified","invisible":false,"solution":""}],"keywords":[{"main":"Questions. Exploring the Dataset"}],"slideBackgroundSelector":{}}],"keywordListEnabled":true,"globalBackgroundSelector":{"fillGlobalBackground":"#fffdf8"},"keywordListAlwaysShow":false,"keywordListAutoHide":false,"keywordListOpacity":90},"override":{"activeSurface":false,"hideSummarySlide":false,"summarySlideSolutionButton":true,"summarySlideRetryButton":true,"enablePrintButton":false,"social":{"showFacebookShare":false,"facebookShare":{"url":"@currentpageurl","quote":"I scored @score out of @maxScore on a task at @currentpageurl."},"showTwitterShare":false,"twitterShare":{"statement":"I scored @score out of @maxScore on a task at @currentpageurl.","url":"@currentpageurl","hashtags":"h5p, course"},"showGoogleShare":false,"googleShareUrl":"@currentpageurl"}},"l10n":{"slide":"Slide","score":"Score","yourScore":"Your Score","maxScore":"Max Score","total":"Total","totalScore":"Total Score","showSolutions":"Show solutions","retry":"Retry","exportAnswers":"Export text","hideKeywords":"Hide sidebar navigation menu","showKeywords":"Show sidebar navigation menu","fullscreen":"Fullscreen","exitFullscreen":"Exit fullscreen","prevSlide":"Previous slide","nextSlide":"Next slide","currentSlide":"Current slide","lastSlide":"Last slide","solutionModeTitle":"Exit solution mode","solutionModeText":"Solution Mode","summaryMultipleTaskText":"Multiple tasks","scoreMessage":"You achieved:","shareFacebook":"Share on Facebook","shareTwitter":"Share on Twitter","shareGoogle":"Share on Google+","summary":"Summary","solutionsButtonTitle":"Show comments","printTitle":"Print","printIngress":"How would you like to print this presentation?","printAllSlides":"Print all slides","printCurrentSlide":"Print current slide","noTitle":"No title","accessibilitySlideNavigationExplanation":"Use left and right arrow to change slide in that direction whenever canvas is selected.","accessibilityCanvasLabel":"Presentation canvas. Use left and right arrow to move between slides.","accessibilityProgressBarLabel":"Choose slide to display","containsNotCompleted":"@slideName contains not completed interaction","containsCompleted":"@slideName contains completed interaction","slideCount":"Slide @index of @total","containsOnlyCorrect":"@slideName only has correct answers","containsIncorrectAnswers":"@slideName has incorrect answers","shareResult":"Share Result","accessibilityTotalScore":"You got @score of @maxScore points in total","accessibilityEnteredFullscreen":"Entered fullscreen","accessibilityExitedFullscreen":"Exited fullscreen","confirmDialogHeader":"Submit your answers","confirmDialogText":"This will submit your results, do you want to continue?","confirmDialogConfirmText":"Submit and see results","slideshowNavigationLabel":"Slideshow navigation"}}