{"presentation":{"slides":[{"elements":[{"x":52.96950240770465,"y":38.048010247597425,"width":34.85838779956427,"height":21.517546483279787,"action":{"library":"H5P.AdvancedText 1.1","params":{"text":"<p style=\"text-align:left\"><span style=\"font-size:1.75em\"><span><span><span><span>e. Modelling</span></span></span></span></span></p>\n\n<p style=\"text-align:left\"><span style=\"font-size:1.625em\"><span><span><span><span>Splitting the Dataset</span></span></span></span></span></p>\n"},"subContentId":"5808aee4-2e8c-441c-9cb8-65d20bf5d146","metadata":{"contentType":"Text","license":"U","title":"Untitled Text","authors":[],"changes":[]}},"alwaysDisplayComments":false,"backgroundOpacity":0,"displayAsButton":false,"buttonSize":"big","goToSlideType":"specified","invisible":false,"solution":""},{"x":50.108932461873636,"y":31.35106522613865,"width":0.4684095860566449,"height":68.64635266828334,"action":{"library":"H5P.Shape 1.0","params":{"line":{"borderWidth":"3","borderStyle":"solid","borderColor":"rgb(255, 232, 136)"},"type":"vertical-line","shape":{"fillColor":"#ffffff","borderColor":"#000000","borderWidth":"0","borderStyle":"solid","borderRadius":"0"}},"subContentId":"f943e1d7-afa5-4128-a8e1-1d6312c21855","metadata":{"contentType":"Shapes"}},"backgroundOpacity":0,"displayAsButton":false,"buttonSize":"big","goToSlideType":"specified","invisible":false},{"x":52.72331154684096,"y":31.200442400755694,"width":40.19607843137255,"height":8.607018593311915,"action":{"library":"H5P.AdvancedText 1.1","params":{"text":"<p style=\"text-align:left\"><span style=\"font-size:1em\"><span><span><span style=\"color:#ffc000\"><span>Supervised Learning </span></span></span></span></span></p>\n"},"metadata":{"contentType":"Text","license":"U","title":"Untitled Text","authors":[],"changes":[]},"subContentId":"286998c1-2ba0-4bc2-a75a-05c1dc3635d0"},"alwaysDisplayComments":false,"backgroundOpacity":0,"displayAsButton":false,"buttonSize":"big","goToSlideType":"specified","invisible":false,"solution":""},{"x":53.04905956112852,"y":62.399066207614,"width":44.790909090909096,"height":24.769028806380504,"action":{"library":"H5P.AdvancedText 1.1","params":{"text":"<p>So, now that we have chosen our features, let's split our dataset into two: the <strong>training dataset</strong> and the<strong> testing dataset </strong>using the<em> Orange tool. </em>This is an important step before we begin building our model.</p>\n"},"subContentId":"9e35d8a7-0bc7-45e6-a201-3b59b8472c4d","metadata":{"contentType":"Text","license":"U","title":"Untitled Text","authors":[],"changes":[]}},"alwaysDisplayComments":false,"backgroundOpacity":0,"displayAsButton":false,"buttonSize":"big","goToSlideType":"specified","invisible":false,"solution":""},{"x":15.250544662309368,"y":38.73183369411319,"width":20.250088594137598,"height":40,"action":{"library":"H5P.Image 1.1","params":{"decorative":false,"contentName":"Image","expandImage":"Expand Image","minimizeImage":"Minimize Image","file":{"path":"images/image-8OKP6Em1.png","mime":"image/png","copyright":{"license":"U"},"width":512,"height":512}},"subContentId":"b58d05bf-2a34-4036-b21a-ac7a2025232f","metadata":{"contentType":"Image","license":"U","title":"Untitled Image","authors":[],"changes":[]}},"alwaysDisplayComments":false,"backgroundOpacity":0,"displayAsButton":false,"buttonSize":"big","goToSlideType":"specified","invisible":false,"solution":""}],"keywords":[{"main":"Train Test Split"}],"slideBackgroundSelector":{}},{"elements":[{"x":0,"y":0,"width":21.78649237472767,"height":43.035092966559574,"action":{"library":"H5P.Image 1.1","params":{"decorative":false,"contentName":"Image","expandImage":"Expand Image","minimizeImage":"Minimize Image","file":{"path":"images/image-pUyhoMuh.png","mime":"image/png","copyright":{"license":"U"},"width":497,"height":497}},"metadata":{"contentType":"Image","license":"U","title":"Untitled Image","authors":[],"changes":[]},"subContentId":"d64dc63f-3235-4bad-9365-4aa782719f5d"},"alwaysDisplayComments":false,"backgroundOpacity":0,"displayAsButton":false,"buttonSize":"big","goToSlideType":"specified","invisible":false,"solution":""},{"x":9.404388714733543,"y":40.24967181036832,"width":64.27015250544663,"height":45.186847614887554,"action":{"library":"H5P.AdvancedText 1.1","params":{"text":"<p><span style=\"font-size:1.125em\">Splitting the dataset into a<strong> training dataset</strong> and a<strong> testing dataset</strong> is a key action.</span></p>\n\n<p><span style=\"font-size:1.125em\">The training dataset is used to train the model, and the testing dataset is used to evaluate the model's performance on unseen/new data.</span></p>\n\n<p> </p>\n"},"metadata":{"contentType":"Text","license":"U","title":"Untitled Text","authors":[],"changes":[]},"subContentId":"32566179-ca9d-4900-bcca-b59a62de57fc"},"alwaysDisplayComments":false,"backgroundOpacity":0,"displayAsButton":false,"buttonSize":"big","goToSlideType":"specified","invisible":false,"solution":""},{"x":8.714596949891067,"y":17.21403718662383,"width":67.53812636165577,"height":12.910527889967874,"action":{"library":"H5P.AdvancedText 1.1","params":{"text":"<p style=\"text-align:left\"><strong><span style=\"font-size:1.75em\"><span><span><span><span>Reading 1: </span></span></span></span></span><span style=\"font-size:1.625em\"><span><span><span><span>Splitting the Dataset</span></span></span></span></span></strong></p>\n"},"metadata":{"contentType":"Text","license":"U","title":"Untitled Text","authors":[],"changes":[]},"subContentId":"700f7397-6267-4c76-ac07-163d5fd9c4d0"},"alwaysDisplayComments":false,"backgroundOpacity":0,"displayAsButton":false,"buttonSize":"big","goToSlideType":"specified","invisible":false,"solution":""},{"x":78.43137254901961,"y":36.58006515555135,"width":20.250088594137598,"height":40,"action":{"library":"H5P.Image 1.1","params":{"decorative":false,"contentName":"Image","expandImage":"Expand Image","minimizeImage":"Minimize Image","file":{"path":"images/image-ZpSmr7hI.png","mime":"image/png","copyright":{"license":"U"},"width":512,"height":512}},"subContentId":"b163050e-125c-4a9e-8e18-d86320117c1d","metadata":{"contentType":"Image","license":"U","title":"Untitled Image","authors":[],"changes":[]}},"alwaysDisplayComments":false,"backgroundOpacity":0,"displayAsButton":false,"buttonSize":"big","goToSlideType":"specified","invisible":false,"solution":""}],"keywords":[],"slideBackgroundSelector":{}},{"elements":[{"x":0,"y":0,"width":21.78649237472767,"height":43.035092966559574,"action":{"library":"H5P.Image 1.1","params":{"decorative":false,"contentName":"Image","expandImage":"Expand Image","minimizeImage":"Minimize Image","file":{"path":"images/image-pUyhoMuh.png","mime":"image/png","copyright":{"license":"U"},"width":497,"height":497}},"metadata":{"contentType":"Image","license":"U","title":"Untitled Image","authors":[],"changes":[]},"subContentId":"318687b4-0d87-42bd-a605-2d23d0751e39"},"alwaysDisplayComments":false,"backgroundOpacity":0,"displayAsButton":false,"buttonSize":"big","goToSlideType":"specified","invisible":false,"solution":""},{"x":7.836990595611286,"y":37.153543209570756,"width":67.39811912225706,"height":49.53805761276101,"action":{"library":"H5P.AdvancedText 1.1","params":{"text":"<p><span style=\"font-size:1.125em\"><em>Let's recaptulate: </em>Our main objective when using supervised learning algorithms is to create a model that is able to predict new outcomes realibly, right?</span></p>\n\n<p><span style=\"font-size:1.125em\">However, sometimes, an unwated phenomena can happen with our models: <em><strong>overfitting</strong>.</em></span></p>\n\n<p> </p>\n\n<p> </p>\n"},"metadata":{"contentType":"Text","license":"U","title":"Untitled Text","authors":[],"changes":[]},"subContentId":"9ef9490a-f52a-446a-a3a3-61b4b8e14e26"},"alwaysDisplayComments":false,"backgroundOpacity":0,"displayAsButton":false,"buttonSize":"big","goToSlideType":"specified","invisible":false,"solution":""},{"x":7.836328976034858,"y":18.57502200169128,"width":73.42047930283225,"height":12.910527889967874,"action":{"library":"H5P.AdvancedText 1.1","params":{"text":"<p style=\"text-align:left\"><strong><span style=\"font-size:1.75em\"><span><span><span><span>Reading 2: Why is this an important action?</span></span></span></span></span></strong></p>\n"},"metadata":{"contentType":"Text","license":"U","title":"Untitled Text","authors":[],"changes":[]},"subContentId":"79ba3e78-ce77-4294-97ba-a4ce46634052"},"alwaysDisplayComments":false,"backgroundOpacity":0,"displayAsButton":false,"buttonSize":"big","goToSlideType":"specified","invisible":false,"solution":""},{"x":77.34204793028323,"y":32.27652807842766,"width":20.250088594137598,"height":40,"action":{"library":"H5P.Image 1.1","params":{"decorative":false,"contentName":"Image","expandImage":"Expand Image","minimizeImage":"Minimize Image","file":{"path":"images/image-0cP18jyC.png","mime":"image/png","copyright":{"license":"U"},"width":512,"height":512}},"subContentId":"47d1847d-7b07-453a-b214-d00be77d8718","metadata":{"contentType":"Image","license":"U","title":"Untitled Image","authors":[],"changes":[]}},"alwaysDisplayComments":false,"backgroundOpacity":0,"displayAsButton":false,"buttonSize":"big","goToSlideType":"specified","invisible":false,"solution":""}],"keywords":[{"main":"Reading 1. Train-Test Split."}],"slideBackgroundSelector":{}},{"elements":[{"x":0,"y":0,"width":21.78649237472767,"height":43.035092966559574,"action":{"library":"H5P.Image 1.1","params":{"decorative":false,"contentName":"Image","expandImage":"Expand Image","minimizeImage":"Minimize Image","file":{"path":"images/image-pUyhoMuh.png","mime":"image/png","copyright":{"license":"U"},"width":497,"height":497}},"metadata":{"contentType":"Image","license":"U","title":"Untitled Image","authors":[],"changes":[]},"subContentId":"cac966ce-d1fe-4e82-9b11-a185ff91bb01"},"alwaysDisplayComments":false,"backgroundOpacity":0,"displayAsButton":false,"buttonSize":"big","goToSlideType":"specified","invisible":false,"solution":""},{"x":7.836990595611286,"y":37.153543209570756,"width":67.39811912225706,"height":49.53805761276101,"action":{"library":"H5P.AdvancedText 1.1","params":{"text":"<p><span style=\"font-size:1em\"><strong>Overfitting</strong> happens when a model performs very well in the training data, but performs poorly on the unseen/new data (e.g., it may be unable to realiably predict if a <em>new</em> student will fail or pass the course). This happens when our model is fitting our training data perfectly, and it is not able to <strong>generalize</strong> well to new data. </span></p>\n\n<p><span style=\"font-size:1em\">Therefore, splitting into training and testing data is important to helps us to ensure that the model generalizes well to new data, i.e., performs well in the training dataset and also in the testing dataset. This provide a more accurate measure of its predictive capabilities, and we can gauge how well it will perform in real-world scenarios.</span></p>\n"},"metadata":{"contentType":"Text","license":"U","title":"Untitled Text","authors":[],"changes":[]},"subContentId":"cb65ecf6-bb41-4831-9c12-b5c3decd86a7"},"alwaysDisplayComments":false,"backgroundOpacity":0,"displayAsButton":false,"buttonSize":"big","goToSlideType":"specified","invisible":false,"solution":""},{"x":7.8431372549019605,"y":18.28991451078782,"width":72.00435729847494,"height":12.910527889967874,"action":{"library":"H5P.AdvancedText 1.1","params":{"text":"<p style=\"text-align:left\"><strong><span style=\"font-size:1.75em\"><span><span><span><span>Reading 2: Why is this an important action?</span></span></span></span></span></strong></p>\n"},"metadata":{"contentType":"Text","license":"U","title":"Untitled Text","authors":[],"changes":[]},"subContentId":"c346d48b-758b-4fdc-97b6-5b298951b223"},"alwaysDisplayComments":false,"backgroundOpacity":0,"displayAsButton":false,"buttonSize":"big","goToSlideType":"specified","invisible":false,"solution":""},{"x":77.34204793028323,"y":38.73183369411319,"width":20.250088594137598,"height":40,"action":{"library":"H5P.Image 1.1","params":{"decorative":false,"contentName":"Image","expandImage":"Expand Image","minimizeImage":"Minimize Image","file":{"path":"images/image-bfjslVDt.png","mime":"image/png","copyright":{"license":"U"},"width":512,"height":512}},"subContentId":"a8734bc0-0d9f-46be-b346-9bd238551fdd","metadata":{"contentType":"Image","license":"U","title":"Untitled Image","authors":[],"changes":[]}},"alwaysDisplayComments":false,"backgroundOpacity":0,"displayAsButton":false,"buttonSize":"big","goToSlideType":"specified","invisible":false,"solution":""}],"keywords":[],"slideBackgroundSelector":{}},{"elements":[{"x":2.178649237472767,"y":0,"width":21.78649237472767,"height":43.035092966559574,"action":{"library":"H5P.Image 1.1","params":{"decorative":false,"contentName":"Image","expandImage":"Expand Image","minimizeImage":"Minimize Image","file":{"path":"images/image-aegA4HDM.png","mime":"image/png","copyright":{"license":"U"},"width":497,"height":497}},"metadata":{"contentType":"Image","license":"U","title":"Untitled Image","authors":[],"changes":[]},"subContentId":"087894fd-1fe5-4046-b0bf-6cb1b46bf8c6"},"alwaysDisplayComments":false,"backgroundOpacity":0,"displayAsButton":false,"buttonSize":"big","goToSlideType":"specified","invisible":false,"solution":""},{"x":11.87363834422658,"y":18.505089975620617,"width":67.53812636165577,"height":12.910527889967874,"action":{"library":"H5P.AdvancedText 1.1","params":{"text":"<p style=\"text-align:left\"><strong><span style=\"font-size:1.5em\">Quiz 1: Splitting the Dataset</span></strong></p>\n"},"metadata":{"contentType":"Text","license":"U","title":"Untitled Text","authors":[],"changes":[]},"subContentId":"1640f9cc-e72f-4e8e-988e-6482cc7b1fe8"},"alwaysDisplayComments":false,"backgroundOpacity":0,"displayAsButton":false,"buttonSize":"big","goToSlideType":"specified","invisible":false,"solution":""},{"x":11.982570806100219,"y":32.27631972491968,"width":80.08714596949892,"height":54.19732020476097,"action":{"library":"H5P.SingleChoiceSet 1.11","params":{"choices":[{"subContentId":"0ce80ef6-7146-46ef-932b-c00c078e34c4","question":"<p style=\"text-align:left\">Why is important to split the dataset into training dataset and testing dataset?</p>\n","answers":["<p>To evaluate model performance on unseen data.</p>\n","<p>To clean and preprocess the dataset.</p>\n","<p>To visualize the relationship between features.</p>\n","<p>To increase the size of the training dataset.</p>\n"]},{"subContentId":"65298e0d-b75b-4d18-b6c2-ceeb3c9b29eb","question":"<p>What is the main concern regarding <strong>overfitting</strong>?</p>\n","answers":["<p>Creating a model that performs well on the training data but poorly on unseen data.</p>\n","<p>Failing to capture the underlying patterns in the data.</p>\n","<p>Producing a model that is too simplistic.</p>\n","<p>Underutilizing the available data.</p>\n"]}],"overallFeedback":[{"from":0,"to":50,"feedback":"Not bad.. but you can do better."},{"from":51,"to":100,"feedback":"Great job!"}],"behaviour":{"autoContinue":true,"timeoutCorrect":2000,"timeoutWrong":3000,"soundEffectsEnabled":true,"enableRetry":true,"enableSolutionsButton":true,"passPercentage":100},"l10n":{"nextButtonLabel":"Next question","showSolutionButtonLabel":"Show solution","retryButtonLabel":"Retry","solutionViewTitle":"Solution list","correctText":"Correct!","incorrectText":"Incorrect!","shouldSelect":"Should have been selected","shouldNotSelect":"Should not have been selected","muteButtonLabel":"Mute feedback sound","closeButtonLabel":"Close","slideOfTotal":"Slide :num of :total","scoreBarLabel":"You got :num out of :total points","solutionListQuestionNumber":"Question :num","a11yShowSolution":"Show the solution. The task will be marked with its correct solution.","a11yRetry":"Retry the task. Reset all responses and start the task over again."}},"metadata":{"contentType":"Single Choice Set","license":"U","title":"Untitled Single Choice Set","authors":[],"changes":[],"extraTitle":"Untitled Single Choice Set"},"subContentId":"cf461f0a-72fd-425e-8c66-b98e80aae582"},"alwaysDisplayComments":false,"backgroundOpacity":0,"displayAsButton":false,"buttonSize":"big","goToSlideType":"specified","invisible":false,"solution":""}],"keywords":[{"main":"Quiz 1. Train-Test Split."}],"slideBackgroundSelector":{}},{"elements":[{"x":6.5359477124183005,"y":34.42807437324766,"width":42.17864923747277,"height":34.18600197531077,"action":{"library":"H5P.AdvancedText 1.1","params":{"text":"<p style=\"text-align:left\"><strong><span style=\"font-size:1.25em\"><span><span><span><span>Instruction 01:</span></span></span></span></span></strong></p>\n\n<p style=\"text-align:left\"><span style=\"font-size:1em\">1. Drag and drop a 'Data Sampler' widget from the 'Transform' section to the workspace to split the dataset in the Orange tool. </span></p>\n\n<p style=\"text-align:left\"><span style=\"font-size:1em\">2. Link it to the 'Select Columns' widget.</span></p>\n\n<p> </p>\n"},"subContentId":"2b54bb48-7d22-4795-9aab-b4e7c29eb5c1","metadata":{"contentType":"Text","license":"U","title":"Untitled Text","authors":[],"changes":[]}},"alwaysDisplayComments":false,"backgroundOpacity":0,"displayAsButton":false,"buttonSize":"big","goToSlideType":"specified","invisible":false,"solution":""},{"x":6.5359477124183005,"y":17.21403718662383,"width":43.485838779956424,"height":39.99573952579631,"action":{"library":"H5P.AdvancedText 1.1","params":{"text":"<p><strong><span style=\"font-size:1.5em\">Activity 1: Splitting Dataset</span></strong></p>\n"},"subContentId":"2d4bb9c7-56ed-4aa7-82da-be3293bb2b99","metadata":{"contentType":"Text","license":"U","title":"Untitled Text","authors":[],"changes":[]}},"alwaysDisplayComments":false,"backgroundOpacity":0,"displayAsButton":false,"buttonSize":"big","goToSlideType":"specified","invisible":false,"solution":""},{"x":82.78867102396515,"y":1.5062379769932908,"width":10.893246187363834,"height":22.6591985953255,"action":{"library":"H5P.Image 1.1","params":{"decorative":false,"contentName":"Image","expandImage":"Expand Image","minimizeImage":"Minimize Image","file":{"path":"images/image-7MUYwg0u.png","mime":"image/png","copyright":{"license":"U"},"width":512,"height":512}},"subContentId":"3ceb88e3-9953-4870-b5f4-10342156e1da","metadata":{"contentType":"Image","license":"U","title":"Untitled Image","authors":[],"changes":[]}},"alwaysDisplayComments":false,"backgroundOpacity":0,"displayAsButton":false,"buttonSize":"big","goToSlideType":"specified","invisible":false,"solution":""},{"x":63.071895424836605,"y":72.24218585255221,"width":36.899643456947885,"height":27.75781414744779,"action":{"library":"H5P.Image 1.1","params":{"decorative":false,"contentName":"Image","expandImage":"Expand Image","minimizeImage":"Minimize Image","file":{"path":"images/image-T1hI6oC7.png","mime":"image/png","copyright":{"license":"U"},"width":386,"height":147}},"subContentId":"1c77491a-fc45-4b4f-8fa5-f74a4efd8ee2","metadata":{"contentType":"Image","license":"U","title":"Untitled Image","authors":[],"changes":[]}},"alwaysDisplayComments":false,"backgroundOpacity":0,"displayAsButton":false,"buttonSize":"big","goToSlideType":"specified","invisible":false,"solution":""}],"keywords":[{"main":"Activity 1. Train-Test Split."}],"slideBackgroundSelector":{}},{"elements":[{"x":1.0893246187363834,"y":25.821222462742128,"width":42.17774294670846,"height":58.8264434151537,"action":{"library":"H5P.AdvancedText 1.1","params":{"text":"<p style=\"text-align:left\"><span style=\"font-size:1.25em\"><strong>Instruction 02:</strong></span></p>\n\n<p>Double-click on the \"Data Sampler\" widget to open the pop-up window.</p>\n\n<p>We will use the default setting: 70% of our dataset will be part of the training dataset, and 30% of our dataset will be part of the testing dataset.</p>\n\n<p><em>We can see that the default setting specifies that 70% and 30% of the data to be randomly chosen.</em><br />\n </p>\n\n<p> </p>\n"},"subContentId":"81a82b9d-28ca-4b18-ad40-d11d17f5213f","metadata":{"contentType":"Text","license":"U","title":"Untitled Text","authors":[],"changes":[]}},"alwaysDisplayComments":false,"backgroundOpacity":0,"displayAsButton":false,"buttonSize":"big","goToSlideType":"specified","invisible":false,"solution":""},{"x":35.44389978213508,"y":19.33609762080489,"width":64.52200435729848,"height":80.66390237919511,"action":{"library":"H5P.Image 1.1","params":{"decorative":false,"contentName":"Image","expandImage":"Expand Image","minimizeImage":"Minimize Image","file":{"path":"images/image-71WnA5j4.png","mime":"image/png","copyright":{"license":"U"},"width":1433,"height":907}},"subContentId":"303ea86f-740b-4838-ba03-19cbb1203b80","metadata":{"contentType":"Image","license":"U","title":"Untitled Image","authors":[],"changes":[]}},"alwaysDisplayComments":false,"backgroundOpacity":0,"displayAsButton":false,"buttonSize":"big","goToSlideType":"specified","invisible":false,"solution":""},{"x":87.14596949891067,"y":0,"width":10.893246187363834,"height":19.365916847056596,"action":{"library":"H5P.Image 1.1","params":{"decorative":false,"contentName":"Image","expandImage":"Expand Image","minimizeImage":"Minimize Image","file":{"path":"images/image-hPXleRtf.png","mime":"image/png","copyright":{"license":"U"},"width":512,"height":512}},"subContentId":"b96f8d84-8b50-4258-ab67-1831a4ad9dca","metadata":{"contentType":"Image","license":"U","title":"Untitled Image","authors":[],"changes":[]}},"alwaysDisplayComments":false,"backgroundOpacity":0,"displayAsButton":false,"buttonSize":"big","goToSlideType":"specified","invisible":false,"solution":""}],"keywords":[{"main":"Activity 1. Train-Test Split."}],"slideBackgroundSelector":{}}],"keywordListEnabled":true,"globalBackgroundSelector":{"fillGlobalBackground":"#fffdf8"},"keywordListAlwaysShow":false,"keywordListAutoHide":false,"keywordListOpacity":90},"override":{"activeSurface":false,"hideSummarySlide":false,"summarySlideSolutionButton":true,"summarySlideRetryButton":true,"enablePrintButton":false,"social":{"showFacebookShare":false,"facebookShare":{"url":"@currentpageurl","quote":"I scored @score out of @maxScore on a task at @currentpageurl."},"showTwitterShare":false,"twitterShare":{"statement":"I scored @score out of @maxScore on a task at @currentpageurl.","url":"@currentpageurl","hashtags":"h5p, course"},"showGoogleShare":false,"googleShareUrl":"@currentpageurl"}},"l10n":{"slide":"Slide","score":"Score","yourScore":"Your Score","maxScore":"Max Score","total":"Total","totalScore":"Total Score","showSolutions":"Show solutions","retry":"Retry","exportAnswers":"Export text","hideKeywords":"Hide sidebar navigation menu","showKeywords":"Show sidebar navigation menu","fullscreen":"Fullscreen","exitFullscreen":"Exit fullscreen","prevSlide":"Previous slide","nextSlide":"Next slide","currentSlide":"Current slide","lastSlide":"Last slide","solutionModeTitle":"Exit solution mode","solutionModeText":"Solution Mode","summaryMultipleTaskText":"Multiple tasks","scoreMessage":"You achieved:","shareFacebook":"Share on Facebook","shareTwitter":"Share on Twitter","shareGoogle":"Share on Google+","summary":"Summary","solutionsButtonTitle":"Show comments","printTitle":"Print","printIngress":"How would you like to print this presentation?","printAllSlides":"Print all slides","printCurrentSlide":"Print current slide","noTitle":"No title","accessibilitySlideNavigationExplanation":"Use left and right arrow to change slide in that direction whenever canvas is selected.","accessibilityCanvasLabel":"Presentation canvas. Use left and right arrow to move between slides.","accessibilityProgressBarLabel":"Choose slide to display","containsNotCompleted":"@slideName contains not completed interaction","containsCompleted":"@slideName contains completed interaction","slideCount":"Slide @index of @total","containsOnlyCorrect":"@slideName only has correct answers","containsIncorrectAnswers":"@slideName has incorrect answers","shareResult":"Share Result","accessibilityTotalScore":"You got @score of @maxScore points in total","accessibilityEnteredFullscreen":"Entered fullscreen","accessibilityExitedFullscreen":"Exited fullscreen","confirmDialogHeader":"Submit your answers","confirmDialogText":"This will submit your results, do you want to continue?","confirmDialogConfirmText":"Submit and see results","slideshowNavigationLabel":"Slideshow navigation"}}