{"presentation":{"slides":[{"elements":[{"x":52.832244008714596,"y":38.73158366990362,"width":34.85838779956427,"height":21.517546483279787,"action":{"library":"H5P.AdvancedText 1.1","params":{"text":"<p style=\"text-align:left\"><span style=\"font-size:1.75em\"><span><span><span><span>c. Get the Data</span></span></span></span></span></p>\n\n<p style=\"text-align:left\"><span style=\"font-size:1.625em\"><span><span><span><span>Using Existing Dataset</span></span></span></span></span></p>\n"},"subContentId":"5808aee4-2e8c-441c-9cb8-65d20bf5d146","metadata":{"contentType":"Text","license":"U","title":"Untitled Text","authors":[],"changes":[]}},"alwaysDisplayComments":false,"backgroundOpacity":0,"displayAsButton":false,"buttonSize":"big","goToSlideType":"specified","invisible":false,"solution":""},{"x":50.108932461873636,"y":31.35106522613865,"width":0.4684095860566449,"height":68.64635266828334,"action":{"library":"H5P.Shape 1.0","params":{"line":{"borderWidth":"3","borderStyle":"solid","borderColor":"rgb(255, 232, 136)"},"type":"vertical-line","shape":{"fillColor":"#ffffff","borderColor":"#000000","borderWidth":"0","borderStyle":"solid","borderRadius":"0"}},"subContentId":"f943e1d7-afa5-4128-a8e1-1d6312c21855","metadata":{"contentType":"Shapes"}},"backgroundOpacity":0,"displayAsButton":false,"buttonSize":"big","goToSlideType":"specified","invisible":false},{"x":52.72331154684096,"y":31.200442400755694,"width":40.19607843137255,"height":8.607018593311915,"action":{"library":"H5P.AdvancedText 1.1","params":{"text":"<p style=\"text-align:left\"><span style=\"font-size:1em\"><span><span><span style=\"color:#ffc000\"><span>Supervised Learning </span></span></span></span></span></p>\n"},"metadata":{"contentType":"Text","license":"U","title":"Untitled Text","authors":[],"changes":[]},"subContentId":"286998c1-2ba0-4bc2-a75a-05c1dc3635d0"},"alwaysDisplayComments":false,"backgroundOpacity":0,"displayAsButton":false,"buttonSize":"big","goToSlideType":"specified","invisible":false,"solution":""},{"x":53.29153605015674,"y":61.92257201595126,"width":44.79302832244009,"height":27.972810428263724,"action":{"library":"H5P.AdvancedText 1.1","params":{"text":"<p>To answer our question, we need to check if there is an existing dataset that could be used to solve the problem. Otherwise, we need to collect the data on our own.</p>\n"},"subContentId":"9e35d8a7-0bc7-45e6-a201-3b59b8472c4d","metadata":{"contentType":"Text","license":"U","title":"Untitled Text","authors":[],"changes":[]}},"alwaysDisplayComments":false,"backgroundOpacity":0,"displayAsButton":false,"buttonSize":"big","goToSlideType":"specified","invisible":false,"solution":""},{"x":14.106583072100314,"y":37.153543209570756,"width":20.250088594137598,"height":40,"action":{"library":"H5P.Image 1.1","params":{"decorative":false,"contentName":"Image","expandImage":"Expand Image","minimizeImage":"Minimize Image","file":{"path":"images/image-csoOOUEW.png","mime":"image/png","copyright":{"license":"U"},"width":512,"height":512}},"subContentId":"118935fb-c739-47b8-a077-880360f0a6f1","metadata":{"contentType":"Image","license":"U","title":"Untitled Image","authors":[],"changes":[]}},"alwaysDisplayComments":false,"backgroundOpacity":0,"displayAsButton":false,"buttonSize":"big","goToSlideType":"specified","invisible":false,"solution":""}],"keywords":[{"main":"Get the Data"}],"slideBackgroundSelector":{}},{"elements":[{"x":0,"y":0,"width":21.78649237472767,"height":43.035092966559574,"action":{"library":"H5P.Image 1.1","params":{"decorative":false,"contentName":"Image","expandImage":"Expand Image","minimizeImage":"Minimize Image","file":{"path":"images/image-tVBnchyt.png","mime":"image/png","copyright":{"license":"U"},"width":497,"height":497}},"metadata":{"contentType":"Image","license":"U","title":"Untitled Image","authors":[],"changes":[]},"subContentId":"318687b4-0d87-42bd-a605-2d23d0751e39"},"alwaysDisplayComments":false,"backgroundOpacity":0,"displayAsButton":false,"buttonSize":"big","goToSlideType":"specified","invisible":false,"solution":""},{"x":9.404388714733543,"y":27.865157407178064,"width":84.63949843260188,"height":71.21095781834394,"action":{"library":"H5P.AdvancedText 1.1","params":{"text":"<p>There are different ways of collecting data, such as:</p>\n\n<ol>\n\t<li><strong>Downloading existing datasets that have been curated by others </strong>(individuals and organizations); There are a range of publicly available dataset sources (for example, UC Irvine Machine Learning Repository, Kaggle, Data at WHO (World Health Organization, Wikidata) and search engines (such as google dataset search));</li>\n\t<li><strong>Collecting data from surveys or sensors.</strong>;</li>\n\t<li><strong>Capturing activity on various software systems through their logs </strong>(such as credit card transactions or mobile phone records);</li>\n\t<li><strong>Scraping data from the web</strong>;</li>\n\t<li><strong>Using application programming interfaces (APIs)</strong> to download structured data directly from websites or apps.</li>\n</ol>\n"},"metadata":{"contentType":"Text","license":"U","title":"Untitled Text","authors":[],"changes":[]},"subContentId":"9ef9490a-f52a-446a-a3a3-61b4b8e14e26"},"alwaysDisplayComments":false,"backgroundOpacity":0,"displayAsButton":false,"buttonSize":"big","goToSlideType":"specified","invisible":false,"solution":""},{"x":9.404388714733543,"y":18.576771604785378,"width":67.53812636165577,"height":12.910527889967874,"action":{"library":"H5P.AdvancedText 1.1","params":{"text":"<p style=\"text-align:left\"><strong><span style=\"font-size:1.75em\"><span><span><span><span>Reading 1: Ways of Collecting Data</span></span></span></span></span></strong></p>\n"},"metadata":{"contentType":"Text","license":"U","title":"Untitled Text","authors":[],"changes":[]},"subContentId":"79ba3e78-ce77-4294-97ba-a4ce46634052"},"alwaysDisplayComments":false,"backgroundOpacity":0,"displayAsButton":false,"buttonSize":"big","goToSlideType":"specified","invisible":false,"solution":""},{"x":83.07210031347962,"y":3.096128600797563,"width":12.539184952978056,"height":24.769028806380504,"action":{"library":"H5P.Image 1.1","params":{"decorative":false,"contentName":"Image","expandImage":"Expand Image","minimizeImage":"Minimize Image","file":{"path":"images/image-ZBMDmKRe.png","mime":"image/png","copyright":{"license":"U"},"width":512,"height":512}},"subContentId":"7ac93e39-2d36-4df6-8dd6-1ef1dc862406","metadata":{"contentType":"Image","license":"U","title":"Untitled Image","authors":[],"changes":[]}},"alwaysDisplayComments":false,"backgroundOpacity":0,"displayAsButton":false,"buttonSize":"big","goToSlideType":"specified","invisible":false,"solution":""}],"keywords":[{"main":"Ways of Collecting Data"}],"slideBackgroundSelector":{}},{"elements":[{"x":0,"y":0,"width":21.78649237472767,"height":43.035092966559574,"action":{"library":"H5P.Image 1.1","params":{"decorative":false,"contentName":"Image","expandImage":"Expand Image","minimizeImage":"Minimize Image","file":{"path":"images/image-tVBnchyt.png","mime":"image/png","copyright":{"license":"U"},"width":497,"height":497}},"metadata":{"contentType":"Image","license":"U","title":"Untitled Image","authors":[],"changes":[]},"subContentId":"c4166e6e-cdb5-41fc-ab05-2015514a93a4"},"alwaysDisplayComments":false,"backgroundOpacity":0,"displayAsButton":false,"buttonSize":"big","goToSlideType":"specified","invisible":false,"solution":""},{"x":12.539184952978056,"y":37.153543209570756,"width":70.53291536050156,"height":58.8264434151537,"action":{"library":"H5P.AdvancedText 1.1","params":{"text":"<p><span style=\"font-size:1em\">To answer our question, we need to check if there is an existing dataset that could be used to solve the problem. Otherwise, we need to collect the data on our own.<br />\n<br />\nLuckily, there are different datasets on the internet with students' data interaction in online courses that can be used to train our model. A famous dataset is the <strong>\"Open University Learning Analytics dataset</strong>\". In the Open University in the U.K., students' activities on the online platform were recorded and published as a database in 2017.</span><br />\n </p>\n\n<p style=\"text-align:center\"><span style=\"font-size:0.75em\"><em>Kuzilek J., Hlosta M., Zdrahal Z. <a href=\"https://www.nature.com/articles/sdata2017171\">Open University Learning Analytics dataset </a>Sci. </em><em>Data 4:170171 doi: 10.1038/sdata.2017.171 (2017).</em></span></p>\n"},"metadata":{"contentType":"Text","license":"U","title":"Untitled Text","authors":[],"changes":[]},"subContentId":"08278010-307b-4fb7-b337-dc4d443f0fc5"},"alwaysDisplayComments":false,"backgroundOpacity":0,"displayAsButton":false,"buttonSize":"big","goToSlideType":"specified","invisible":false,"solution":""},{"x":9.404388714733543,"y":18.576771604785378,"width":67.53812636165577,"height":12.910527889967874,"action":{"library":"H5P.AdvancedText 1.1","params":{"text":"<p style=\"text-align:left\"><strong><span style=\"font-size:1.75em\"><span><span><span><span>Reading 2: Choosing our Dataset</span></span></span></span></span></strong></p>\n"},"metadata":{"contentType":"Text","license":"U","title":"Untitled Text","authors":[],"changes":[]},"subContentId":"da117cde-0b52-46f2-bd9a-64db21d858e4"},"alwaysDisplayComments":false,"backgroundOpacity":0,"displayAsButton":false,"buttonSize":"big","goToSlideType":"specified","invisible":false,"solution":""},{"x":84.63949843260188,"y":40.24967181036832,"width":12.539184952978056,"height":24.769028806380504,"action":{"library":"H5P.Image 1.1","params":{"decorative":false,"contentName":"Image","expandImage":"Expand Image","minimizeImage":"Minimize Image","file":{"path":"images/image-ZBMDmKRe.png","mime":"image/png","copyright":{"license":"U"},"width":512,"height":512}},"subContentId":"e0c62d45-c4c8-4cfe-8959-86a53e49621c","metadata":{"contentType":"Image","license":"U","title":"Untitled Image","authors":[],"changes":[]}},"alwaysDisplayComments":false,"backgroundOpacity":0,"displayAsButton":false,"buttonSize":"big","goToSlideType":"specified","invisible":false,"solution":""}],"slideBackgroundSelector":{},"keywords":[{"main":"Choosing Dataset"}]},{"elements":[{"x":0,"y":0,"width":21.78649237472767,"height":43.035092966559574,"action":{"library":"H5P.Image 1.1","params":{"decorative":false,"contentName":"Image","expandImage":"Expand Image","minimizeImage":"Minimize Image","file":{"path":"images/image-tVBnchyt.png","mime":"image/png","copyright":{"license":"U"},"width":497,"height":497}},"metadata":{"contentType":"Image","license":"U","title":"Untitled Image","authors":[],"changes":[]},"subContentId":"7c1e082c-e319-4b2b-83b4-a66a36affdda"},"alwaysDisplayComments":false,"backgroundOpacity":0,"displayAsButton":false,"buttonSize":"big","goToSlideType":"specified","invisible":false,"solution":""},{"x":12.539184952978054,"y":37.153543209570756,"width":61.12852664576803,"height":12.384514403190252,"action":{"library":"H5P.AdvancedText 1.1","params":{"text":"<p><span style=\"font-size:1.25em\"><strong>So, let's use this dataset to train our model.</strong></span></p>\n\n<p> </p>\n\n<p> </p>\n"},"metadata":{"contentType":"Text","license":"U","title":"Untitled Text","authors":[],"changes":[]},"subContentId":"6b3065d8-63d9-4f97-9cdd-61d5b7385a36"},"alwaysDisplayComments":false,"backgroundOpacity":0,"displayAsButton":false,"buttonSize":"big","goToSlideType":"specified","invisible":false,"solution":""},{"x":9.404388714733543,"y":18.576771604785378,"width":67.53812636165577,"height":12.910527889967874,"action":{"library":"H5P.AdvancedText 1.1","params":{"text":"<p style=\"text-align:left\"><strong><span style=\"font-size:1.75em\"><span><span><span><span>Reading 2: Choosing our Dataset</span></span></span></span></span></strong></p>\n"},"metadata":{"contentType":"Text","license":"U","title":"Untitled Text","authors":[],"changes":[]},"subContentId":"52489d68-9139-4373-9e1e-a0d8a2fa8b7d"},"alwaysDisplayComments":false,"backgroundOpacity":0,"displayAsButton":false,"buttonSize":"big","goToSlideType":"specified","invisible":false,"solution":""},{"x":78.36990595611286,"y":40.24967181036832,"width":12.539184952978056,"height":24.769028806380504,"action":{"library":"H5P.Image 1.1","params":{"decorative":false,"contentName":"Image","expandImage":"Expand Image","minimizeImage":"Minimize Image","file":{"path":"images/image-ZBMDmKRe.png","mime":"image/png","copyright":{"license":"U"},"width":512,"height":512}},"subContentId":"fc764fe2-104f-4b22-b0a9-562058775bda","metadata":{"contentType":"Image","license":"U","title":"Untitled Image","authors":[],"changes":[]}},"alwaysDisplayComments":false,"backgroundOpacity":0,"displayAsButton":false,"buttonSize":"big","goToSlideType":"specified","invisible":false,"solution":""},{"x":31.347962382445143,"y":58.8264434151537,"width":23.510971786833856,"height":7.430708641914151,"action":{"library":"H5P.Link 1.3","params":{"linkWidget":{"protocol":"https://","url":"docs.google.com/spreadsheets/d/1gciq0bJgVJNc3MOKrZ8n3O7DWb8XbXGXems56ALe-WQ/edit?usp=sharing"},"title":"Download the Dataset"},"subContentId":"95c689ec-325c-4e15-a009-1ba291989312","metadata":{"contentType":"Link"}},"alwaysDisplayComments":false,"backgroundOpacity":0,"displayAsButton":false,"buttonSize":"big","goToSlideType":"specified","invisible":false,"solution":""},{"x":15.673981191222571,"y":83.5954722215342,"width":62.695924764890286,"height":13.371405394694476,"action":{"library":"H5P.AdvancedText 1.1","params":{"text":"<p><em>*For didactical purposes, we are going to use an adapted and simplified version of the original dataset with fewer features and data. </em></p>\n"},"subContentId":"69c8c839-aea3-462f-9a87-43b49ee61101","metadata":{"contentType":"Text","license":"U","title":"Untitled Text","authors":[],"changes":[]}},"alwaysDisplayComments":false,"backgroundOpacity":0,"displayAsButton":false,"buttonSize":"big","goToSlideType":"specified","invisible":false,"solution":""}],"keywords":[{"main":"Choosing Dataset"}],"slideBackgroundSelector":{}},{"elements":[{"x":6.427015250544662,"y":9.037369522977512,"width":87.7742946708464,"height":39.99578926510292,"action":{"library":"H5P.AdvancedText 1.1","params":{"text":"<p><strong><span style=\"font-size:1.5em\">Activity 1: Download Orange tool</span></strong></p>\n\n<p>We are going to use the Orange Data Mining, which is an open-source data visualization, machine learning and data mining toolkit.</p>\n\n<p> </p>\n\n<p> </p>\n\n<p> </p>\n"},"subContentId":"2d4bb9c7-56ed-4aa7-82da-be3293bb2b99","metadata":{"contentType":"Text","license":"U","title":"Untitled Text","authors":[],"changes":[]}},"alwaysDisplayComments":false,"backgroundOpacity":0,"displayAsButton":false,"buttonSize":"big","goToSlideType":"specified","invisible":false,"solution":""},{"x":27.233115468409586,"y":36.58006515555135,"width":25.078369905956112,"height":9.285970822084067,"action":{"library":"H5P.Link 1.3","params":{"linkWidget":{"protocol":"https://","url":"orangedatamining.com/download/"},"title":"Download Orange"},"subContentId":"1eb7e8ed-23aa-4442-a73a-4fde3eafd4c3","metadata":{"contentType":"Link"}},"alwaysDisplayComments":false,"backgroundOpacity":0,"displayAsButton":false,"buttonSize":"big","goToSlideType":"specified","invisible":false,"solution":""},{"x":26.143790849673202,"y":47.33890784836057,"width":64.26332288401254,"height":39.99826616798355,"action":{"library":"H5P.AdvancedText 1.1","params":{"text":"<ul>\n\t<li><strong>Windows user</strong></li>\n</ul>\n\n<p> </p>\n\n<p> </p>\n\n<ul>\n\t<li><strong>Mac user</strong></li>\n</ul>\n\n<p> </p>\n"},"subContentId":"b991f76f-30ee-4c67-add7-d41211d7a033","metadata":{"contentType":"Text","license":"U","title":"Untitled Text","authors":[],"changes":[]}},"alwaysDisplayComments":false,"backgroundOpacity":0,"displayAsButton":false,"buttonSize":"big","goToSlideType":"specified","invisible":false,"solution":""},{"x":9.404388714733543,"y":55.730314814356134,"width":13.491865203761757,"height":26.65088673123127,"action":{"library":"H5P.Image 1.1","params":{"decorative":false,"contentName":"Image","expandImage":"Expand Image","minimizeImage":"Minimize Image","file":{"path":"images/image-2GC7XxKD.png","mime":"image/png","copyright":{"license":"U"},"width":512,"height":512}},"subContentId":"c749ad72-a9db-48ab-8fb0-5d6a8946d5e6","metadata":{"contentType":"Image","license":"U","title":"Untitled Image","authors":[],"changes":[]}},"alwaysDisplayComments":false,"backgroundOpacity":0,"displayAsButton":false,"buttonSize":"big","goToSlideType":"specified","invisible":false,"solution":""},{"x":30.501089324618736,"y":58.09775054116979,"width":67.53812636165577,"height":10.758842692809221,"action":{"library":"H5P.AdvancedText 1.1","params":{"text":"<p><span style=\"font-size:1em\">I recommend the default standalone installer. Just download and double-click the downloaded file for the installer to start.</span></p>\n"},"subContentId":"bb4d6ab2-119d-4e94-b96f-7a00fc16be27","metadata":{"contentType":"Text","license":"U","title":"Untitled Text","authors":[],"changes":[]}},"alwaysDisplayComments":false,"backgroundOpacity":0,"displayAsButton":false,"buttonSize":"big","goToSlideType":"specified","invisible":false,"solution":""},{"x":30.501089324618736,"y":83.91897300391192,"width":39.99869281045751,"height":5.571057852448928,"action":{"library":"H5P.AdvancedText 1.1","params":{"text":"<p><span style=\"font-size:1em\">Download and start the Mac installer.</span></p>\n"},"subContentId":"86a57eb0-39ca-45f7-8218-d21d147febe8","metadata":{"contentType":"Text","license":"U","title":"Untitled Text","authors":[],"changes":[]}},"alwaysDisplayComments":false,"backgroundOpacity":0,"displayAsButton":false,"buttonSize":"big","goToSlideType":"specified","invisible":false,"solution":""}],"keywords":[{"main":"Download Orange Tool"}],"slideBackgroundSelector":{}},{"elements":[{"x":0,"y":0,"width":21.78649237472767,"height":43.035092966559574,"action":{"library":"H5P.Image 1.1","params":{"decorative":false,"contentName":"Image","expandImage":"Expand Image","minimizeImage":"Minimize Image","file":{"path":"images/image-tVBnchyt.png","mime":"image/png","copyright":{"license":"U"},"width":497,"height":497}},"metadata":{"contentType":"Image","license":"U","title":"Untitled Image","authors":[],"changes":[]},"subContentId":"030b8075-17bf-499d-b1e4-8f78bb0d2b89"},"alwaysDisplayComments":false,"backgroundOpacity":0,"displayAsButton":false,"buttonSize":"big","goToSlideType":"specified","invisible":false,"solution":""},{"x":9.404388714733543,"y":18.576771604785378,"width":51.724137931034484,"height":18.574356624476753,"action":{"library":"H5P.AdvancedText 1.1","params":{"text":"<p style=\"text-align:left\"><strong><span style=\"font-size:1.5em\">Activity 2: Exploring Feature Statistics</span></strong></p>\n"},"metadata":{"contentType":"Text","license":"U","title":"Untitled Text","authors":[],"changes":[]},"subContentId":"f2e63105-6284-42d0-84d5-9a79443c23ce"},"alwaysDisplayComments":false,"backgroundOpacity":0,"displayAsButton":false,"buttonSize":"big","goToSlideType":"specified","invisible":false,"solution":""},{"x":79.9373040752351,"y":9.288385802392689,"width":15.673981191222571,"height":30.958871027667005,"action":{"library":"H5P.Image 1.1","params":{"decorative":false,"contentName":"Image","expandImage":"Expand Image","minimizeImage":"Minimize Image","file":{"path":"images/image-wJMIE5Tx.png","mime":"image/png","copyright":{"license":"U"},"width":512,"height":512}},"subContentId":"29b32744-58d7-4b44-a848-9d854555c632","metadata":{"contentType":"Image","license":"U","title":"Untitled Image","authors":[],"changes":[]}},"alwaysDisplayComments":false,"backgroundOpacity":0,"displayAsButton":false,"buttonSize":"big","goToSlideType":"specified","invisible":false,"solution":""},{"x":9.912854030501089,"y":43.035092966559574,"width":43.35203761755486,"height":21.67290020558294,"action":{"library":"H5P.AdvancedText 1.1","params":{"text":"<p><strong><span style=\"font-size:1.25em\">Instruction 01:</span></strong></p>\n\n<p>Drag and drop the<strong> \"File\" widget</strong> from <strong>Data section</strong> into the <strong>workspace</strong>.</p>\n"},"subContentId":"1afc9c08-b97f-4190-8f04-e4ad7bce2410","metadata":{"contentType":"Text","license":"U","title":"Untitled Text","authors":[],"changes":[]}},"alwaysDisplayComments":false,"backgroundOpacity":0,"displayAsButton":false,"buttonSize":"big","goToSlideType":"specified","invisible":false,"solution":""},{"x":53.29153605015674,"y":42.49322255370971,"width":46.326332288401254,"height":57.50811185693409,"action":{"library":"H5P.Image 1.1","params":{"decorative":false,"contentName":"Image","expandImage":"Expand Image","minimizeImage":"Minimize Image","file":{"path":"images/image-gNcfwur9.png","mime":"image/png","copyright":{"license":"U"},"width":506,"height":318}},"subContentId":"780240db-43ae-460a-891c-72ca5d7d3554","metadata":{"contentType":"Image","license":"U","title":"Untitled Image","authors":[],"changes":[]}},"alwaysDisplayComments":false,"backgroundOpacity":0,"displayAsButton":false,"buttonSize":"big","goToSlideType":"specified","invisible":false,"solution":""}],"keywords":[],"slideBackgroundSelector":{}},{"elements":[{"x":0,"y":0,"width":21.78649237472767,"height":43.035092966559574,"action":{"library":"H5P.Image 1.1","params":{"decorative":false,"contentName":"Image","expandImage":"Expand Image","minimizeImage":"Minimize Image","file":{"path":"images/image-tVBnchyt.png","mime":"image/png","copyright":{"license":"U"},"width":497,"height":497}},"metadata":{"contentType":"Image","license":"U","title":"Untitled Image","authors":[],"changes":[]},"subContentId":"358e4836-e015-476a-8d88-f9c78cc762c2"},"alwaysDisplayComments":false,"backgroundOpacity":0,"displayAsButton":false,"buttonSize":"big","goToSlideType":"specified","invisible":false,"solution":""},{"x":9.477124183006536,"y":18.505089975620617,"width":51.724137931034484,"height":18.574356624476753,"action":{"library":"H5P.AdvancedText 1.1","params":{"text":"<p style=\"text-align:left\"><strong><span style=\"font-size:1.5em\">Activity 2: Exploring Feature Statistics</span></strong></p>\n"},"metadata":{"contentType":"Text","license":"U","title":"Untitled Text","authors":[],"changes":[]},"subContentId":"90775052-e5b7-4736-b412-afadffe895d0"},"alwaysDisplayComments":false,"backgroundOpacity":0,"displayAsButton":false,"buttonSize":"big","goToSlideType":"specified","invisible":false,"solution":""},{"x":79.9373040752351,"y":9.288385802392689,"width":15.673981191222571,"height":30.958871027667005,"action":{"library":"H5P.Image 1.1","params":{"decorative":false,"contentName":"Image","expandImage":"Expand Image","minimizeImage":"Minimize Image","file":{"path":"images/image-wJMIE5Tx.png","mime":"image/png","copyright":{"license":"U"},"width":512,"height":512}},"subContentId":"3b7e07b1-3a4f-4c31-8fd8-6b7401215d3f","metadata":{"contentType":"Image","license":"U","title":"Untitled Image","authors":[],"changes":[]}},"alwaysDisplayComments":false,"backgroundOpacity":0,"displayAsButton":false,"buttonSize":"big","goToSlideType":"specified","invisible":false,"solution":""},{"x":9.25925925925926,"y":43.035092966559574,"width":34.48025078369906,"height":37.14642211378892,"action":{"library":"H5P.AdvancedText 1.1","params":{"text":"<p><strong><span style=\"font-size:1.25em\">Instruction 02:</span></strong></p>\n\n<p>1. Double-click the \"<strong>File</strong>\" widget to open its settings.</p>\n\n<p>2. Choose the dataset, and then close the pop-up window.</p>\n\n<p> </p>\n"},"subContentId":"16e85e39-deab-4a18-a6b7-6f944c2b375e","metadata":{"contentType":"Text","license":"U","title":"Untitled Text","authors":[],"changes":[]}},"alwaysDisplayComments":false,"backgroundOpacity":0,"displayAsButton":false,"buttonSize":"big","goToSlideType":"specified","invisible":false,"solution":""},{"x":46.98446718289085,"y":60.00132198441879,"width":53.01585694437413,"height":40,"action":{"library":"H5P.Image 1.1","params":{"decorative":false,"contentName":"Image","expandImage":"Expand Image","minimizeImage":"Minimize Image","file":{"path":"images/image-YSHsfIup.png","mime":"image/png","copyright":{"license":"U"},"width":754,"height":288}},"subContentId":"354bfe0a-e5b3-46fe-99a6-9e5c2b37f2d7","metadata":{"contentType":"Image","license":"U","title":"Untitled Image","authors":[],"changes":[]}},"alwaysDisplayComments":false,"backgroundOpacity":0,"displayAsButton":false,"buttonSize":"big","goToSlideType":"specified","invisible":false,"solution":""}],"keywords":[],"slideBackgroundSelector":{}}],"keywordListEnabled":true,"globalBackgroundSelector":{"fillGlobalBackground":"#fffdf8"},"keywordListAlwaysShow":false,"keywordListAutoHide":false,"keywordListOpacity":90},"override":{"activeSurface":false,"hideSummarySlide":false,"summarySlideSolutionButton":true,"summarySlideRetryButton":true,"enablePrintButton":false,"social":{"showFacebookShare":false,"facebookShare":{"url":"@currentpageurl","quote":"I scored @score out of @maxScore on a task at @currentpageurl."},"showTwitterShare":false,"twitterShare":{"statement":"I scored @score out of @maxScore on a task at @currentpageurl.","url":"@currentpageurl","hashtags":"h5p, course"},"showGoogleShare":false,"googleShareUrl":"@currentpageurl"}},"l10n":{"slide":"Slide","score":"Score","yourScore":"Your Score","maxScore":"Max Score","total":"Total","totalScore":"Total Score","showSolutions":"Show solutions","retry":"Retry","exportAnswers":"Export text","hideKeywords":"Hide sidebar navigation menu","showKeywords":"Show sidebar navigation menu","fullscreen":"Fullscreen","exitFullscreen":"Exit fullscreen","prevSlide":"Previous slide","nextSlide":"Next slide","currentSlide":"Current slide","lastSlide":"Last slide","solutionModeTitle":"Exit solution mode","solutionModeText":"Solution Mode","summaryMultipleTaskText":"Multiple tasks","scoreMessage":"You achieved:","shareFacebook":"Share on Facebook","shareTwitter":"Share on Twitter","shareGoogle":"Share on Google+","summary":"Summary","solutionsButtonTitle":"Show comments","printTitle":"Print","printIngress":"How would you like to print this presentation?","printAllSlides":"Print all slides","printCurrentSlide":"Print current slide","noTitle":"No title","accessibilitySlideNavigationExplanation":"Use left and right arrow to change slide in that direction whenever canvas is selected.","accessibilityCanvasLabel":"Presentation canvas. Use left and right arrow to move between slides.","accessibilityProgressBarLabel":"Choose slide to display","containsNotCompleted":"@slideName contains not completed interaction","containsCompleted":"@slideName contains completed interaction","slideCount":"Slide @index of @total","containsOnlyCorrect":"@slideName only has correct answers","containsIncorrectAnswers":"@slideName has incorrect answers","shareResult":"Share Result","accessibilityTotalScore":"You got @score of @maxScore points in total","accessibilityEnteredFullscreen":"Entered fullscreen","accessibilityExitedFullscreen":"Exited fullscreen","confirmDialogHeader":"Submit your answers","confirmDialogText":"This will submit your results, do you want to continue?","confirmDialogConfirmText":"Submit and see results","slideshowNavigationLabel":"Slideshow navigation"}}