{"embedTypes":["iframe"],"language":"en","defaultLanguage":"en","license":"U","extraTitle":"Supervised Learning - Get the Data","title":"Supervised Learning - Get the Data","mainLibrary":"H5P.CoursePresentation","preloadedDependencies":[{"machineName":"H5P.AdvancedText","majorVersion":1,"minorVersion":1},{"machineName":"H5P.Shape","majorVersion":1,"minorVersion":0},{"machineName":"H5P.Image","majorVersion":1,"minorVersion":1},{"machineName":"H5P.Link","majorVersion":1,"minorVersion":3},{"machineName":"FontAwesome","majorVersion":4,"minorVersion":5},{"machineName":"H5P.JoubelUI","majorVersion":1,"minorVersion":3},{"machineName":"H5P.Transition","majorVersion":1,"minorVersion":0},{"machineName":"H5P.FontIcons","majorVersion":1,"minorVersion":0},{"machineName":"H5P.CoursePresentation","majorVersion":1,"minorVersion":25}]}